id,weeks,prod,cust,scen,price
1,1,TOM_P,LA,1,0.32985
2,1,TOM_P,LA,2,0.677865
3,1,TOM_P,LA,3,0.83134
4,1,TOM_P,LA,4,1.36919
5,1,TOM_P,LA,5,0.708386
6,1,TOM_P,LV,1,0.240935
7,1,TOM_P,LV,2,0.554403
8,1,TOM_P,LV,3,0.592283
9,1,TOM_P,LV,4,1.0964
10,1,TOM_P,LV,5,0.656575
11,1,CEL_P,LA,1,0.162905
12,1,CEL_P,LA,2,0.1612
13,1,CEL_P,LA,3,0.293706
14,1,CEL_P,LA,4,0.166019
15,1,CEL_P,LA,5,0.47739
16,1,CEL_P,LV,1,0.168589
17,1,CEL_P,LV,2,0.181473
18,1,CEL_P,LV,3,0.300139
19,1,CEL_P,LV,4,0.196929
20,1,CEL_P,LV,5,0.432481
21,1,CUX_P,LA,1,0.136329
22,1,CUX_P,LA,2,0.168089
23,1,CUX_P,LA,3,0.180617
24,1,CUX_P,LA,4,0.223436
25,1,CUX_P,LA,5,0.150147
26,1,CUX_P,LV,1,0.100471
27,1,CUX_P,LV,2,0.151878
28,1,CUX_P,LV,3,0.138694
29,1,CUX_P,LV,4,0.167651
30,1,CUX_P,LV,5,0.125572
31,1,PEP_P,LA,1,0.385615
32,1,PEP_P,LA,2,0.583926
33,1,PEP_P,LA,3,0.874608
34,1,PEP_P,LA,4,0.681885
35,1,PEP_P,LA,5,0.630171
36,1,PEP_P,LV,1,0.304623
37,1,PEP_P,LV,2,0.467654
38,1,PEP_P,LV,3,0.764561
39,1,PEP_P,LV,4,0.565669
40,1,PEP_P,LV,5,0.525136
41,1,CAUL_P,LA,1,0.655498
42,1,CAUL_P,LA,2,0.680621
43,1,CAUL_P,LA,3,0.695315
44,1,CAUL_P,LA,4,0.670281
45,1,CAUL_P,LA,5,0.633008
46,1,CAUL_P,LV,1,0.594035
47,1,CAUL_P,LV,2,0.69435
48,1,CAUL_P,LV,3,0.665523
49,1,CAUL_P,LV,4,0.622168
50,1,CAUL_P,LV,5,0.637114
51,1,LET_P,LA,1,0.537844
52,1,LET_P,LA,2,0.653065
53,1,LET_P,LA,3,0.557308
54,1,LET_P,LA,4,0.614758
55,1,LET_P,LA,5,0.662187
56,1,LET_P,LV,1,0.428071
57,1,LET_P,LV,2,0.536392
58,1,LET_P,LV,3,0.465868
59,1,LET_P,LV,4,0.525828
60,1,LET_P,LV,5,0.522863
61,2,TOM_P,LA,1,0.315143
62,2,TOM_P,LA,2,0.605183
63,2,TOM_P,LA,3,0.822267
64,2,TOM_P,LA,4,1.24618
65,2,TOM_P,LA,5,0.531289
66,2,TOM_P,LV,1,0.270155
67,2,TOM_P,LV,2,0.430744
68,2,TOM_P,LV,3,0.633398
69,2,TOM_P,LV,4,0.95024
70,2,TOM_P,LV,5,0.500281
71,2,CEL_P,LA,1,0.162824
72,2,CEL_P,LA,2,0.152933
73,2,CEL_P,LA,3,0.402726
74,2,CEL_P,LA,4,0.160825
75,2,CEL_P,LA,5,0.409632
76,2,CEL_P,LV,1,0.160461
77,2,CEL_P,LV,2,0.177447
78,2,CEL_P,LV,3,0.359774
79,2,CEL_P,LV,4,0.198508
80,2,CEL_P,LV,5,0.418264
81,2,CUX_P,LA,1,0.138663
82,2,CUX_P,LA,2,0.168089
83,2,CUX_P,LA,3,0.195261
84,2,CUX_P,LA,4,0.238328
85,2,CUX_P,LA,5,0.150147
86,2,CUX_P,LV,1,0.129499
87,2,CUX_P,LV,2,0.138226
88,2,CUX_P,LV,3,0.174723
89,2,CUX_P,LV,4,0.198622
90,2,CUX_P,LV,5,0.11826
91,2,PEP_P,LA,1,0.388977
92,2,PEP_P,LA,2,0.498254
93,2,PEP_P,LA,3,0.777994
94,2,PEP_P,LA,4,0.62743
95,2,PEP_P,LA,5,0.646466
96,2,PEP_P,LV,1,0.302185
97,2,PEP_P,LV,2,0.429077
98,2,PEP_P,LV,3,0.727354
99,2,PEP_P,LV,4,0.585964
100,2,PEP_P,LV,5,0.50449
101,2,CAUL_P,LA,1,0.359963
102,2,CAUL_P,LA,2,0.626543
103,2,CAUL_P,LA,3,0.779319
104,2,CAUL_P,LA,4,0.703233
105,2,CAUL_P,LA,5,0.639087
106,2,CAUL_P,LV,1,0.447561
107,2,CAUL_P,LV,2,0.665216
108,2,CAUL_P,LV,3,0.731435
109,2,CAUL_P,LV,4,0.659771
110,2,CAUL_P,LV,5,0.661538
111,2,LET_P,LA,1,0.537844
112,2,LET_P,LA,2,0.677865
113,2,LET_P,LA,3,0.606124
114,2,LET_P,LA,4,0.670735
115,2,LET_P,LA,5,0.622725
116,2,LET_P,LV,1,0.424601
117,2,LET_P,LV,2,0.524369
118,2,LET_P,LV,3,0.485196
119,2,LET_P,LV,4,0.619916
120,2,LET_P,LV,5,0.490548
121,3,TOM_P,LA,1,0.315143
122,3,TOM_P,LA,2,0.47748
123,3,TOM_P,LA,3,0.527206
124,3,TOM_P,LA,4,0.990919
125,3,TOM_P,LA,5,0.48509
126,3,TOM_P,LV,1,0.275128
127,3,TOM_P,LV,2,0.341956
128,3,TOM_P,LV,3,0.51609
129,3,TOM_P,LV,4,0.836101
130,3,TOM_P,LV,5,0.450018
131,3,CEL_P,LA,1,0.159672
132,3,CEL_P,LA,2,0.140533
133,3,CEL_P,LA,3,0.44544
134,3,CEL_P,LA,4,0.143843
135,3,CEL_P,LA,5,0.331093
136,3,CEL_P,LV,1,0.1569
137,3,CEL_P,LV,2,0.172822
138,3,CEL_P,LV,3,0.421155
139,3,CEL_P,LV,4,0.181855
140,3,CEL_P,LV,5,0.321072
141,3,CUX_P,LA,1,0.138663
142,3,CUX_P,LA,2,0.168089
143,3,CUX_P,LA,3,0.195261
144,3,CUX_P,LA,4,0.253057
145,3,CUX_P,LA,5,0.138597
146,3,CUX_P,LV,1,0.113886
147,3,CUX_P,LV,2,0.134813
148,3,CUX_P,LV,3,0.174723
149,3,CUX_P,LV,4,0.215671
150,3,CUX_P,LV,5,0.118456
151,3,PEP_P,LA,1,0.388977
152,3,PEP_P,LA,2,0.422952
153,3,PEP_P,LA,3,0.717382
154,3,PEP_P,LA,4,0.503736
155,3,PEP_P,LA,5,0.708386
156,3,PEP_P,LV,1,0.294253
157,3,PEP_P,LV,2,0.380841
158,3,PEP_P,LV,3,0.636256
159,3,PEP_P,LV,4,0.444439
160,3,PEP_P,LV,5,0.481899
161,3,CAUL_P,LA,1,0.343436
162,3,CAUL_P,LA,2,0.627675
163,3,CAUL_P,LA,3,0.710233
164,3,CAUL_P,LA,4,0.722036
165,3,CAUL_P,LA,5,0.639087
166,3,CAUL_P,LV,1,0.451808
167,3,CAUL_P,LV,2,0.598012
168,3,CAUL_P,LV,3,0.620749
169,3,CAUL_P,LV,4,0.668272
170,3,CAUL_P,LV,5,0.641765
171,3,LET_P,LA,1,0.571459
172,3,LET_P,LA,2,0.651412
173,3,LET_P,LA,3,0.530867
174,3,LET_P,LA,4,0.568713
175,3,LET_P,LA,5,0.631387
176,3,LET_P,LV,1,0.46081
177,3,LET_P,LV,2,0.508434
178,3,LET_P,LV,3,0.432726
179,3,LET_P,LV,4,0.522938
180,3,LET_P,LV,5,0.480786
181,4,TOM_P,LA,1,0.387734
182,4,TOM_P,LA,2,0.41445
183,4,TOM_P,LA,3,0.403296
184,4,TOM_P,LA,4,0.990919
185,4,TOM_P,LA,5,0.46588
186,4,TOM_P,LV,1,0.303671
187,4,TOM_P,LV,2,0.294861
188,4,TOM_P,LV,3,0.394676
189,4,TOM_P,LV,4,0.823629
190,4,TOM_P,LV,5,0.388073
191,4,CEL_P,LA,1,0.153668
192,4,CEL_P,LA,2,0.1389
193,4,CEL_P,LA,3,0.455325
194,4,CEL_P,LA,4,0.135372
195,4,CEL_P,LA,5,0.247547
196,4,CEL_P,LV,1,0.154399
197,4,CEL_P,LV,2,0.162058
198,4,CEL_P,LV,3,0.434903
199,4,CEL_P,LV,4,0.154558
200,4,CEL_P,LV,5,0.260095
201,4,CUX_P,LA,1,0.130087
202,4,CUX_P,LA,2,0.168114
203,4,CUX_P,LA,3,0.175628
204,4,CUX_P,LA,4,0.197651
205,4,CUX_P,LA,5,0.13838
206,4,CUX_P,LV,1,0.0993215
207,4,CUX_P,LV,2,0.134833
208,4,CUX_P,LV,3,0.139361
209,4,CUX_P,LV,4,0.200332
210,4,CUX_P,LV,5,0.120175
211,4,PEP_P,LA,1,0.319077
212,4,PEP_P,LA,2,0.435642
213,4,PEP_P,LA,3,0.575343
214,4,PEP_P,LA,4,0.490703
215,4,PEP_P,LA,5,0.667812
216,4,PEP_P,LV,1,0.267292
217,4,PEP_P,LV,2,0.373405
218,4,PEP_P,LV,3,0.552189
219,4,PEP_P,LV,4,0.409451
220,4,PEP_P,LV,5,0.446729
221,4,CAUL_P,LA,1,0.341581
222,4,CAUL_P,LA,2,0.594331
223,4,CAUL_P,LA,3,0.608719
224,4,CAUL_P,LA,4,0.70831
225,4,CAUL_P,LA,5,0.638086
226,4,CAUL_P,LV,1,0.455586
227,4,CAUL_P,LV,2,0.556492
228,4,CAUL_P,LV,3,0.655373
229,4,CAUL_P,LV,4,0.678343
230,4,CAUL_P,LV,5,0.64387
231,4,LET_P,LA,1,0.629426
232,4,LET_P,LA,2,0.512608
233,4,LET_P,LA,3,0.443128
234,4,LET_P,LA,4,0.527957
235,4,LET_P,LA,5,0.694976
236,4,LET_P,LV,1,0.536798
237,4,LET_P,LV,2,0.390705
238,4,LET_P,LV,3,0.407078
239,4,LET_P,LV,4,0.463086
240,4,LET_P,LV,5,0.508776
241,5,TOM_P,LA,1,0.378995
242,5,TOM_P,LA,2,0.413283
243,5,TOM_P,LA,3,0.3893
244,5,TOM_P,LA,4,0.752284
245,5,TOM_P,LA,5,0.369605
246,5,TOM_P,LV,1,0.281614
247,5,TOM_P,LV,2,0.303621
248,5,TOM_P,LV,3,0.37514
249,5,TOM_P,LV,4,0.572672
250,5,TOM_P,LV,5,0.337289
251,5,CEL_P,LA,1,0.148962
252,5,CEL_P,LA,2,0.13397
253,5,CEL_P,LA,3,0.453025
254,5,CEL_P,LA,4,0.122681
255,5,CEL_P,LA,5,0.200651
256,5,CEL_P,LV,1,0.155049
257,5,CEL_P,LV,2,0.145016
258,5,CEL_P,LV,3,0.420659
259,5,CEL_P,LV,4,0.149217
260,5,CEL_P,LV,5,0.219165
261,5,CUX_P,LA,1,0.138357
262,5,CUX_P,LA,2,0.168152
263,5,CUX_P,LA,3,0.170319
264,5,CUX_P,LA,4,0.177914
265,5,CUX_P,LA,5,0.147605
266,5,CUX_P,LV,1,0.106711
267,5,CUX_P,LV,2,0.134864
268,5,CUX_P,LV,3,0.134406
269,5,CUX_P,LV,4,0.136223
270,5,CUX_P,LV,5,0.136523
271,5,PEP_P,LA,1,0.339044
272,5,PEP_P,LA,2,0.41845
273,5,PEP_P,LA,3,0.537397
274,5,PEP_P,LA,4,0.489585
275,5,PEP_P,LA,5,0.547327
276,5,PEP_P,LV,1,0.273698
277,5,PEP_P,LV,2,0.364051
278,5,PEP_P,LV,3,0.459062
279,5,PEP_P,LV,4,0.422304
280,5,PEP_P,LV,5,0.387217
281,5,CAUL_P,LA,1,0.447214
282,5,CAUL_P,LA,2,0.611962
283,5,CAUL_P,LA,3,0.616856
284,5,CAUL_P,LA,4,0.627345
285,5,CAUL_P,LA,5,0.638086
286,5,CAUL_P,LV,1,0.503706
287,5,CAUL_P,LV,2,0.564849
288,5,CAUL_P,LV,3,0.640029
289,5,CAUL_P,LV,4,0.604456
290,5,CAUL_P,LV,5,0.636895
291,5,LET_P,LA,1,0.726164
292,5,LET_P,LA,2,0.504456
293,5,LET_P,LA,3,0.442018
294,5,LET_P,LA,4,0.462045
295,5,LET_P,LA,5,0.558902
296,5,LET_P,LV,1,0.65864
297,5,LET_P,LV,2,0.438733
298,5,LET_P,LV,3,0.387977
299,5,LET_P,LV,4,0.436194
300,5,LET_P,LV,5,0.44982
301,6,TOM_P,LA,1,0.366074
302,6,TOM_P,LA,2,0.409717
303,6,TOM_P,LA,3,0.397411
304,6,TOM_P,LA,4,0.718401
305,6,TOM_P,LA,5,0.353638
306,6,TOM_P,LV,1,0.269574
307,6,TOM_P,LV,2,0.295381
308,6,TOM_P,LV,3,0.362948
309,6,TOM_P,LV,4,0.568204
310,6,TOM_P,LV,5,0.317129
311,6,CEL_P,LA,1,0.150376
312,6,CEL_P,LA,2,0.124046
313,6,CEL_P,LA,3,0.542661
314,6,CEL_P,LA,4,0.122681
315,6,CEL_P,LA,5,0.181624
316,6,CEL_P,LV,1,0.148166
317,6,CEL_P,LV,2,0.139252
318,6,CEL_P,LV,3,0.487545
319,6,CEL_P,LV,4,0.141323
320,6,CEL_P,LV,5,0.200935
321,6,CUX_P,LA,1,0.132487
322,6,CUX_P,LA,2,0.168152
323,6,CUX_P,LA,3,0.157342
324,6,CUX_P,LA,4,0.204781
325,6,CUX_P,LA,5,0.171053
326,6,CUX_P,LV,1,0.105079
327,6,CUX_P,LV,2,0.117792
328,6,CUX_P,LV,3,0.131947
329,6,CUX_P,LV,4,0.177119
330,6,CUX_P,LV,5,0.118511
331,6,PEP_P,LA,1,0.469829
332,6,PEP_P,LA,2,0.411233
333,6,PEP_P,LA,3,0.532855
334,6,PEP_P,LA,4,0.57767
335,6,PEP_P,LA,5,0.461267
336,6,PEP_P,LV,1,0.389588
337,6,PEP_P,LV,2,0.364675
338,6,PEP_P,LV,3,0.413749
339,6,PEP_P,LV,4,0.44903
340,6,PEP_P,LV,5,0.324054
341,6,CAUL_P,LA,1,0.448332
342,6,CAUL_P,LA,2,0.611962
343,6,CAUL_P,LA,3,0.910685
344,6,CAUL_P,LA,4,0.606677
345,6,CAUL_P,LA,5,0.638086
346,6,CAUL_P,LV,1,0.517122
347,6,CAUL_P,LV,2,0.581777
348,6,CAUL_P,LV,3,0.744046
349,6,CAUL_P,LV,4,0.592997
350,6,CAUL_P,LV,5,0.633442
351,6,LET_P,LA,1,0.875422
352,6,LET_P,LA,2,0.504456
353,6,LET_P,LA,3,0.442018
354,6,LET_P,LA,4,0.43018
355,6,LET_P,LA,5,0.457423
356,6,LET_P,LV,1,0.77936
357,6,LET_P,LV,2,0.408005
358,6,LET_P,LV,3,0.434186
359,6,LET_P,LV,4,0.393976
360,6,LET_P,LV,5,0.39139
361,7,TOM_P,LA,1,0.383081
362,7,TOM_P,LA,2,0.41357
363,7,TOM_P,LA,3,0.405521
364,7,TOM_P,LA,4,1.17901
365,7,TOM_P,LA,5,0.351075
366,7,TOM_P,LV,1,0.286694
367,7,TOM_P,LV,2,0.313977
368,7,TOM_P,LV,3,0.348078
369,7,TOM_P,LV,4,0.780627
370,7,TOM_P,LV,5,0.308814
371,7,CEL_P,LA,1,0.151634
372,7,CEL_P,LA,2,0.124046
373,7,CEL_P,LA,3,0.556375
374,7,CEL_P,LA,4,0.122681
375,7,CEL_P,LA,5,0.169131
376,7,CEL_P,LV,1,0.150049
377,7,CEL_P,LV,2,0.148129
378,7,CEL_P,LV,3,0.496781
379,7,CEL_P,LV,4,0.141931
380,7,CEL_P,LV,5,0.180922
381,7,CUX_P,LA,1,0.129972
382,7,CUX_P,LA,2,0.146099
383,7,CUX_P,LA,3,0.145087
384,7,CUX_P,LA,4,0.228533
385,7,CUX_P,LA,5,0.176819
386,7,CUX_P,LV,1,0.10166
387,7,CUX_P,LV,2,0.112475
388,7,CUX_P,LV,3,0.11437
389,7,CUX_P,LV,4,0.178466
390,7,CUX_P,LV,5,0.130951
391,7,PEP_P,LA,1,0.494581
392,7,PEP_P,LA,2,0.406722
393,7,PEP_P,LA,3,0.508524
394,7,PEP_P,LA,4,0.479684
395,7,PEP_P,LA,5,0.451544
396,7,PEP_P,LV,1,0.413363
397,7,PEP_P,LV,2,0.340477
398,7,PEP_P,LV,3,0.418369
399,7,PEP_P,LV,4,0.390285
400,7,PEP_P,LV,5,0.302254
401,7,CAUL_P,LA,1,0.613522
402,7,CAUL_P,LA,2,0.6159
403,7,CAUL_P,LA,3,1.17601
404,7,CAUL_P,LA,4,0.589721
405,7,CAUL_P,LA,5,0.638086
406,7,CAUL_P,LV,1,0.555944
407,7,CAUL_P,LV,2,0.568216
408,7,CAUL_P,LV,3,0.92789
409,7,CAUL_P,LV,4,0.573081
410,7,CAUL_P,LV,5,0.622017
411,7,LET_P,LA,1,0.880453
412,7,LET_P,LA,2,0.504456
413,7,LET_P,LA,3,0.442018
414,7,LET_P,LA,4,0.442793
415,7,LET_P,LA,5,0.472799
416,7,LET_P,LV,1,0.745002
417,7,LET_P,LV,2,0.435319
418,7,LET_P,LV,3,0.519907
419,7,LET_P,LV,4,0.39897
420,7,LET_P,LV,5,0.432867
421,8,TOM_P,LA,1,0.401626
422,8,TOM_P,LA,2,0.437217
423,8,TOM_P,LA,3,0.405363
424,8,TOM_P,LA,4,1.15777
425,8,TOM_P,LA,5,0.350496
426,8,TOM_P,LV,1,0.307376
427,8,TOM_P,LV,2,0.323315
428,8,TOM_P,LV,3,0.336785
429,8,TOM_P,LV,4,0.81581
430,8,TOM_P,LV,5,0.315433
431,8,CEL_P,LA,1,0.147833
432,8,CEL_P,LA,2,0.124026
433,8,CEL_P,LA,3,0.554868
434,8,CEL_P,LA,4,0.122681
435,8,CEL_P,LA,5,0.163096
436,8,CEL_P,LV,1,0.150308
437,8,CEL_P,LV,2,0.143837
438,8,CEL_P,LV,3,0.495122
439,8,CEL_P,LV,4,0.136193
440,8,CEL_P,LV,5,0.186045
441,8,CUX_P,LA,1,0.133204
442,8,CUX_P,LA,2,0.157096
443,8,CUX_P,LA,3,0.172413
444,8,CUX_P,LA,4,0.268464
445,8,CUX_P,LA,5,0.176527
446,8,CUX_P,LV,1,0.101165
447,8,CUX_P,LV,2,0.114771
448,8,CUX_P,LV,3,0.127843
449,8,CUX_P,LV,4,0.191809
450,8,CUX_P,LV,5,0.140874
451,8,PEP_P,LA,1,0.441992
452,8,PEP_P,LA,2,0.474691
453,8,PEP_P,LA,3,0.582449
454,8,PEP_P,LA,4,0.454078
455,8,PEP_P,LA,5,0.464874
456,8,PEP_P,LV,1,0.372583
457,8,PEP_P,LV,2,0.390265
458,8,PEP_P,LV,3,0.438246
459,8,PEP_P,LV,4,0.367687
460,8,PEP_P,LV,5,0.321706
461,8,CAUL_P,LA,1,0.631085
462,8,CAUL_P,LA,2,0.66174
463,8,CAUL_P,LA,3,1.26147
464,8,CAUL_P,LA,4,0.635002
465,8,CAUL_P,LA,5,0.645313
466,8,CAUL_P,LV,1,0.587537
467,8,CAUL_P,LV,2,0.609678
468,8,CAUL_P,LV,3,0.992706
469,8,CAUL_P,LV,4,0.602919
470,8,CAUL_P,LV,5,0.618932
471,8,LET_P,LA,1,0.8784
472,8,LET_P,LA,2,0.566379
473,8,LET_P,LA,3,0.592632
474,8,LET_P,LA,4,0.448768
475,8,LET_P,LA,5,0.484298
476,8,LET_P,LV,1,0.695964
477,8,LET_P,LV,2,0.47413
478,8,LET_P,LV,3,0.608187
479,8,LET_P,LV,4,0.398705
480,8,LET_P,LV,5,0.416735
481,9,TOM_P,LA,1,0.40413
482,9,TOM_P,LA,2,0.501025
483,9,TOM_P,LA,3,0.412826
484,9,TOM_P,LA,4,0.501875
485,9,TOM_P,LA,5,0.350496
486,9,TOM_P,LV,1,0.305196
487,9,TOM_P,LV,2,0.398598
488,9,TOM_P,LV,3,0.352833
489,9,TOM_P,LV,4,0.554983
490,9,TOM_P,LV,5,0.31781
491,9,CEL_P,LA,1,0.142671
492,9,CEL_P,LA,2,0.132262
493,9,CEL_P,LA,3,0.547844
494,9,CEL_P,LA,4,0.118163
495,9,CEL_P,LA,5,0.163096
496,9,CEL_P,LV,1,0.150974
497,9,CEL_P,LV,2,0.152478
498,9,CEL_P,LV,3,0.484271
499,9,CEL_P,LV,4,0.133965
500,9,CEL_P,LV,5,0.177787
501,9,CUX_P,LA,1,0.17164
502,9,CUX_P,LA,2,0.187646
503,9,CUX_P,LA,3,0.170437
504,9,CUX_P,LA,4,0.220761
505,9,CUX_P,LA,5,0.176527
506,9,CUX_P,LV,1,0.119811
507,9,CUX_P,LV,2,0.159618
508,9,CUX_P,LV,3,0.134322
509,9,CUX_P,LV,4,0.17429
510,9,CUX_P,LV,5,0.145944
511,9,PEP_P,LA,1,0.411936
512,9,PEP_P,LA,2,0.522323
513,9,PEP_P,LA,3,0.787203
514,9,PEP_P,LA,4,0.471245
515,9,PEP_P,LA,5,0.48353
516,9,PEP_P,LV,1,0.340026
517,9,PEP_P,LV,2,0.446089
518,9,PEP_P,LV,3,0.649976
519,9,PEP_P,LV,4,0.36878
520,9,PEP_P,LV,5,0.372773
521,9,CAUL_P,LA,1,0.95068
522,9,CAUL_P,LA,2,0.743421
523,9,CAUL_P,LA,3,1.23455
524,9,CAUL_P,LA,4,0.660784
525,9,CAUL_P,LA,5,0.673297
526,9,CAUL_P,LV,1,0.755599
527,9,CAUL_P,LV,2,0.723006
528,9,CAUL_P,LV,3,1.00236
529,9,CAUL_P,LV,4,0.613215
530,9,CAUL_P,LV,5,0.643726
531,9,LET_P,LA,1,0.962301
532,9,LET_P,LA,2,0.826635
533,9,LET_P,LA,3,0.615192
534,9,LET_P,LA,4,0.447346
535,9,LET_P,LA,5,0.552606
536,9,LET_P,LV,1,0.815184
537,9,LET_P,LV,2,0.63787
538,9,LET_P,LV,3,0.637931
539,9,LET_P,LV,4,0.377115
540,9,LET_P,LV,5,0.485608
541,10,TOM_P,LA,1,0.405998
542,10,TOM_P,LA,2,0.615228
543,10,TOM_P,LA,3,0.61966
544,10,TOM_P,LA,4,0.476464
545,10,TOM_P,LA,5,0.350496
546,10,TOM_P,LV,1,0.322561
547,10,TOM_P,LV,2,0.502972
548,10,TOM_P,LV,3,0.499338
549,10,TOM_P,LV,4,0.484131
550,10,TOM_P,LV,5,0.316225
551,10,CEL_P,LA,1,0.170468
552,10,CEL_P,LA,2,0.140528
553,10,CEL_P,LA,3,0.654855
554,10,CEL_P,LA,4,0.121816
555,10,CEL_P,LA,5,0.163096
556,10,CEL_P,LV,1,0.158932
557,10,CEL_P,LV,2,0.143238
558,10,CEL_P,LV,3,0.571243
559,10,CEL_P,LV,4,0.135933
560,10,CEL_P,LV,5,0.170873
561,10,CUX_P,LA,1,0.196758
562,10,CUX_P,LA,2,0.210792
563,10,CUX_P,LA,3,0.167739
564,10,CUX_P,LA,4,0.220761
565,10,CUX_P,LA,5,0.176527
566,10,CUX_P,LV,1,0.150497
567,10,CUX_P,LV,2,0.16537
568,10,CUX_P,LV,3,0.137933
569,10,CUX_P,LV,4,0.174837
570,10,CUX_P,LV,5,0.145944
571,10,PEP_P,LA,1,0.416601
572,10,PEP_P,LA,2,0.535109
573,10,PEP_P,LA,3,1.0236
574,10,PEP_P,LA,4,0.464439
575,10,PEP_P,LA,5,0.473911
576,10,PEP_P,LV,1,0.344163
577,10,PEP_P,LV,2,0.443278
578,10,PEP_P,LV,3,0.854502
579,10,PEP_P,LV,4,0.394093
580,10,PEP_P,LV,5,0.388404
581,10,CAUL_P,LA,1,1.1945
582,10,CAUL_P,LA,2,0.76326
583,10,CAUL_P,LA,3,0.922325
584,10,CAUL_P,LA,4,0.668284
585,10,CAUL_P,LA,5,0.684042
586,10,CAUL_P,LV,1,0.934431
587,10,CAUL_P,LV,2,0.74019
588,10,CAUL_P,LV,3,0.719806
589,10,CAUL_P,LV,4,0.637553
590,10,CAUL_P,LV,5,0.651914
591,10,LET_P,LA,1,1.25423
592,10,LET_P,LA,2,0.935751
593,10,LET_P,LA,3,0.615192
594,10,LET_P,LA,4,0.53311
595,10,LET_P,LA,5,0.575631
596,10,LET_P,LV,1,1.07457
597,10,LET_P,LV,2,0.778681
598,10,LET_P,LV,3,0.557724
599,10,LET_P,LV,4,0.431399
600,10,LET_P,LV,5,0.544791
601,11,TOM_P,LA,1,0.395922
602,11,TOM_P,LA,2,0.688191
603,11,TOM_P,LA,3,0.677714
604,11,TOM_P,LA,4,0.623806
605,11,TOM_P,LA,5,0.350496
606,11,TOM_P,LV,1,0.306905
607,11,TOM_P,LV,2,0.542953
608,11,TOM_P,LV,3,0.546386
609,11,TOM_P,LV,4,0.507964
610,11,TOM_P,LV,5,0.320239
611,11,CEL_P,LA,1,0.229077
612,11,CEL_P,LA,2,0.150448
613,11,CEL_P,LA,3,0.840563
614,11,CEL_P,LA,4,0.191856
615,11,CEL_P,LA,5,0.145827
616,11,CEL_P,LV,1,0.208595
617,11,CEL_P,LV,2,0.151261
618,11,CEL_P,LV,3,0.794532
619,11,CEL_P,LV,4,0.178503
620,11,CEL_P,LV,5,0.158188
621,11,CUX_P,LA,1,0.200247
622,11,CUX_P,LA,2,0.183513
623,11,CUX_P,LA,3,0.153798
624,11,CUX_P,LA,4,0.385936
625,11,CUX_P,LA,5,0.176527
626,11,CUX_P,LV,1,0.138051
627,11,CUX_P,LV,2,0.140918
628,11,CUX_P,LV,3,0.122387
629,11,CUX_P,LV,4,0.244608
630,11,CUX_P,LV,5,0.145944
631,11,PEP_P,LA,1,0.438968
632,11,PEP_P,LA,2,0.535109
633,11,PEP_P,LA,3,0.898209
634,11,PEP_P,LA,4,0.608966
635,11,PEP_P,LA,5,0.460403
636,11,PEP_P,LV,1,0.383132
637,11,PEP_P,LV,2,0.425477
638,11,PEP_P,LV,3,0.803519
639,11,PEP_P,LV,4,0.495948
640,11,PEP_P,LV,5,0.375948
641,11,CAUL_P,LA,1,1.21404
642,11,CAUL_P,LA,2,0.646429
643,11,CAUL_P,LA,3,0.885148
644,11,CAUL_P,LA,4,0.778047
645,11,CAUL_P,LA,5,0.653342
646,11,CAUL_P,LV,1,0.900365
647,11,CAUL_P,LV,2,0.575562
648,11,CAUL_P,LV,3,0.741124
649,11,CAUL_P,LV,4,0.718916
650,11,CAUL_P,LV,5,0.651609
651,11,LET_P,LA,1,1.48425
652,11,LET_P,LA,2,0.967164
653,11,LET_P,LA,3,0.615192
654,11,LET_P,LA,4,0.713107
655,11,LET_P,LA,5,0.571794
656,11,LET_P,LV,1,1.17835
657,11,LET_P,LV,2,0.792483
658,11,LET_P,LV,3,0.517621
659,11,LET_P,LV,4,0.590065
660,11,LET_P,LV,5,0.483769
661,12,TOM_P,LA,1,0.40014
662,12,TOM_P,LA,2,0.57618
663,12,TOM_P,LA,3,0.577813
664,12,TOM_P,LA,4,0.521288
665,12,TOM_P,LA,5,0.349839
666,12,TOM_P,LV,1,0.272505
667,12,TOM_P,LV,2,0.462938
668,12,TOM_P,LV,3,0.419015
669,12,TOM_P,LV,4,0.371639
670,12,TOM_P,LV,5,0.320905
671,12,CEL_P,LA,1,0.265916
672,12,CEL_P,LA,2,0.1769
673,12,CEL_P,LA,3,0.974469
674,12,CEL_P,LA,4,0.193921
675,12,CEL_P,LA,5,0.145554
676,12,CEL_P,LV,1,0.241327
677,12,CEL_P,LV,2,0.192905
678,12,CEL_P,LV,3,0.861823
679,12,CEL_P,LV,4,0.233573
680,12,CEL_P,LV,5,0.159842
681,12,CUX_P,LA,1,0.203735
682,12,CUX_P,LA,2,0.16698
683,12,CUX_P,LA,3,0.141656
684,12,CUX_P,LA,4,0.277937
685,12,CUX_P,LA,5,0.195348
686,12,CUX_P,LV,1,0.149803
687,12,CUX_P,LV,2,0.141197
688,12,CUX_P,LV,3,0.114238
689,12,CUX_P,LV,4,0.251025
690,12,CUX_P,LV,5,0.153254
691,12,PEP_P,LA,1,0.541832
692,12,PEP_P,LA,2,0.523112
693,12,PEP_P,LA,3,0.656842
694,12,PEP_P,LA,4,0.571529
695,12,PEP_P,LA,5,0.460154
696,12,PEP_P,LV,1,0.443924
697,12,PEP_P,LV,2,0.441664
698,12,PEP_P,LV,3,0.635484
699,12,PEP_P,LV,4,0.539319
700,12,PEP_P,LV,5,0.397792
701,12,CAUL_P,LA,1,1.00975
702,12,CAUL_P,LA,2,0.68473
703,12,CAUL_P,LA,3,0.751181
704,12,CAUL_P,LA,4,0.73393
705,12,CAUL_P,LA,5,0.63405
706,12,CAUL_P,LV,1,0.801421
707,12,CAUL_P,LV,2,0.605399
708,12,CAUL_P,LV,3,0.673156
709,12,CAUL_P,LV,4,0.691701
710,12,CAUL_P,LV,5,0.633261
711,12,LET_P,LA,1,1.64523
712,12,LET_P,LA,2,1.05396
713,12,LET_P,LA,3,0.613573
714,12,LET_P,LA,4,0.685578
715,12,LET_P,LA,5,0.555402
716,12,LET_P,LV,1,1.4361
717,12,LET_P,LV,2,0.820707
718,12,LET_P,LV,3,0.530347
719,12,LET_P,LV,4,0.580289
720,12,LET_P,LV,5,0.503917
721,13,TOM_P,LA,1,0.431035
722,13,TOM_P,LA,2,0.473085
723,13,TOM_P,LA,3,0.515258
724,13,TOM_P,LA,4,0.404227
725,13,TOM_P,LA,5,0.348855
726,13,TOM_P,LV,1,0.313982
727,13,TOM_P,LV,2,0.387325
728,13,TOM_P,LV,3,0.396521
729,13,TOM_P,LV,4,0.297161
730,13,TOM_P,LV,5,0.296243
731,13,CEL_P,LA,1,0.26731
732,13,CEL_P,LA,2,0.173018
733,13,CEL_P,LA,3,0.960764
734,13,CEL_P,LA,4,0.162468
735,13,CEL_P,LA,5,0.145144
736,13,CEL_P,LV,1,0.241492
737,13,CEL_P,LV,2,0.177899
738,13,CEL_P,LV,3,0.800405
739,13,CEL_P,LV,4,0.184314
740,13,CEL_P,LV,5,0.16302
741,13,CUX_P,LA,1,0.203267
742,13,CUX_P,LA,2,0.13457
743,13,CUX_P,LA,3,0.152188
744,13,CUX_P,LA,4,0.157375
745,13,CUX_P,LA,5,0.194799
746,13,CUX_P,LV,1,0.154631
747,13,CUX_P,LV,2,0.107707
748,13,CUX_P,LV,3,0.114401
749,13,CUX_P,LV,4,0.151337
750,13,CUX_P,LV,5,0.154085
751,13,PEP_P,LA,1,0.554112
752,13,PEP_P,LA,2,0.520394
753,13,PEP_P,LA,3,0.649173
754,13,PEP_P,LA,4,0.44583
755,13,PEP_P,LA,5,0.458859
756,13,PEP_P,LV,1,0.450517
757,13,PEP_P,LV,2,0.428181
758,13,PEP_P,LV,3,0.566934
759,13,PEP_P,LV,4,0.449257
760,13,PEP_P,LV,5,0.407772
761,13,CAUL_P,LA,1,0.977353
762,13,CAUL_P,LA,2,0.600006
763,13,CAUL_P,LA,3,0.675943
764,13,CAUL_P,LA,4,0.601728
765,13,CAUL_P,LA,5,0.628683
766,13,CAUL_P,LV,1,0.817103
767,13,CAUL_P,LV,2,0.54816
768,13,CAUL_P,LV,3,0.580554
769,13,CAUL_P,LV,4,0.570386
770,13,CAUL_P,LV,5,0.617222
771,13,LET_P,LA,1,1.82383
772,13,LET_P,LA,2,1.04141
773,13,LET_P,LA,3,0.617928
774,13,LET_P,LA,4,0.584252
775,13,LET_P,LA,5,0.572174
776,13,LET_P,LV,1,1.59123
777,13,LET_P,LV,2,0.789228
778,13,LET_P,LV,3,0.515379
779,13,LET_P,LV,4,0.473065
780,13,LET_P,LV,5,0.472553
781,14,TOM_P,LA,1,0.439678
782,14,TOM_P,LA,2,0.369106
783,14,TOM_P,LA,3,0.534473
784,14,TOM_P,LA,4,0.41574
785,14,TOM_P,LA,5,0.348855
786,14,TOM_P,LV,1,0.331747
787,14,TOM_P,LV,2,0.274166
788,14,TOM_P,LV,3,0.413821
789,14,TOM_P,LV,4,0.305869
790,14,TOM_P,LV,5,0.265777
791,14,CEL_P,LA,1,0.289029
792,14,CEL_P,LA,2,0.166427
793,14,CEL_P,LA,3,0.890464
794,14,CEL_P,LA,4,0.14859
795,14,CEL_P,LA,5,0.145144
796,14,CEL_P,LV,1,0.260496
797,14,CEL_P,LV,2,0.167091
798,14,CEL_P,LV,3,0.78956
799,14,CEL_P,LV,4,0.171271
800,14,CEL_P,LV,5,0.150509
801,14,CUX_P,LA,1,0.185446
802,14,CUX_P,LA,2,0.153107
803,14,CUX_P,LA,3,0.152458
804,14,CUX_P,LA,4,0.156411
805,14,CUX_P,LA,5,0.194799
806,14,CUX_P,LV,1,0.144472
807,14,CUX_P,LV,2,0.115046
808,14,CUX_P,LV,3,0.110497
809,14,CUX_P,LV,4,0.13942
810,14,CUX_P,LV,5,0.167331
811,14,PEP_P,LA,1,0.559309
812,14,PEP_P,LA,2,0.448975
813,14,PEP_P,LA,3,0.826243
814,14,PEP_P,LA,4,0.455601
815,14,PEP_P,LA,5,0.458859
816,14,PEP_P,LV,1,0.451884
817,14,PEP_P,LV,2,0.351194
818,14,PEP_P,LV,3,0.647621
819,14,PEP_P,LV,4,0.42332
820,14,PEP_P,LV,5,0.400929
821,14,CAUL_P,LA,1,1.50531
822,14,CAUL_P,LA,2,0.576221
823,14,CAUL_P,LA,3,0.673245
824,14,CAUL_P,LA,4,0.675934
825,14,CAUL_P,LA,5,0.634051
826,14,CAUL_P,LV,1,1.08939
827,14,CAUL_P,LV,2,0.50349
828,14,CAUL_P,LV,3,0.565451
829,14,CAUL_P,LV,4,0.651347
830,14,CAUL_P,LV,5,0.635971
831,14,LET_P,LA,1,2.44159
832,14,LET_P,LA,2,0.960663
833,14,LET_P,LA,3,0.573945
834,14,LET_P,LA,4,0.551347
835,14,LET_P,LA,5,0.584396
836,14,LET_P,LV,1,1.94205
837,14,LET_P,LV,2,0.769504
838,14,LET_P,LV,3,0.524701
839,14,LET_P,LV,4,0.454003
840,14,LET_P,LV,5,0.444051
841,15,TOM_P,LA,1,0.449434
842,15,TOM_P,LA,2,0.342741
843,15,TOM_P,LA,3,0.533608
844,15,TOM_P,LA,4,0.508508
845,15,TOM_P,LA,5,0.34615
846,15,TOM_P,LV,1,0.391776
847,15,TOM_P,LV,2,0.24002
848,15,TOM_P,LV,3,0.41515
849,15,TOM_P,LV,4,0.400233
850,15,TOM_P,LV,5,0.270733
851,15,CEL_P,LA,1,0.329416
852,15,CEL_P,LA,2,0.161484
853,15,CEL_P,LA,3,0.932964
854,15,CEL_P,LA,4,0.142855
855,15,CEL_P,LA,5,0.137505
856,15,CEL_P,LV,1,0.291489
857,15,CEL_P,LV,2,0.152567
858,15,CEL_P,LV,3,0.820174
859,15,CEL_P,LV,4,0.17105
860,15,CEL_P,LV,5,0.146589
861,15,CUX_P,LA,1,0.179321
862,15,CUX_P,LA,2,0.148301
863,15,CUX_P,LA,3,0.131835
864,15,CUX_P,LA,4,0.156411
865,15,CUX_P,LA,5,0.226447
866,15,CUX_P,LV,1,0.137218
867,15,CUX_P,LV,2,0.116545
868,15,CUX_P,LV,3,0.102331
869,15,CUX_P,LV,4,0.120693
870,15,CUX_P,LV,5,0.187431
871,15,PEP_P,LA,1,0.559766
872,15,PEP_P,LA,2,0.473013
873,15,PEP_P,LA,3,0.761914
874,15,PEP_P,LA,4,0.543961
875,15,PEP_P,LA,5,0.444135
876,15,PEP_P,LV,1,0.459553
877,15,PEP_P,LV,2,0.364531
878,15,PEP_P,LV,3,0.614946
879,15,PEP_P,LV,4,0.434348
880,15,PEP_P,LV,5,0.39273
881,15,CAUL_P,LA,1,1.21125
882,15,CAUL_P,LA,2,0.576728
883,15,CAUL_P,LA,3,0.721816
884,15,CAUL_P,LA,4,0.643088
885,15,CAUL_P,LA,5,0.637658
886,15,CAUL_P,LV,1,0.977771
887,15,CAUL_P,LV,2,0.567371
888,15,CAUL_P,LV,3,0.592972
889,15,CAUL_P,LV,4,0.66086
890,15,CAUL_P,LV,5,0.623717
891,15,LET_P,LA,1,2.08836
892,15,LET_P,LA,2,0.874154
893,15,LET_P,LA,3,0.554516
894,15,LET_P,LA,4,0.504424
895,15,LET_P,LA,5,0.566062
896,15,LET_P,LV,1,1.77253
897,15,LET_P,LV,2,0.788996
898,15,LET_P,LV,3,0.517009
899,15,LET_P,LV,4,0.421863
900,15,LET_P,LV,5,0.452681
901,16,TOM_P,LA,1,0.381872
902,16,TOM_P,LA,2,0.313081
903,16,TOM_P,LA,3,0.472963
904,16,TOM_P,LA,4,0.553693
905,16,TOM_P,LA,5,0.380125
906,16,TOM_P,LV,1,0.352954
907,16,TOM_P,LV,2,0.224576
908,16,TOM_P,LV,3,0.391138
909,16,TOM_P,LV,4,0.470506
910,16,TOM_P,LV,5,0.320819
911,16,CEL_P,LA,1,0.367551
912,16,CEL_P,LA,2,0.161484
913,16,CEL_P,LA,3,1.0029
914,16,CEL_P,LA,4,0.131124
915,16,CEL_P,LA,5,0.137505
916,16,CEL_P,LV,1,0.329121
917,16,CEL_P,LV,2,0.152842
918,16,CEL_P,LV,3,0.834634
919,16,CEL_P,LV,4,0.163251
920,16,CEL_P,LV,5,0.14789
921,16,CUX_P,LA,1,0.175422
922,16,CUX_P,LA,2,0.148301
923,16,CUX_P,LA,3,0.129522
924,16,CUX_P,LA,4,0.132949
925,16,CUX_P,LA,5,0.231721
926,16,CUX_P,LV,1,0.138433
927,16,CUX_P,LV,2,0.116545
928,16,CUX_P,LV,3,0.101416
929,16,CUX_P,LV,4,0.104946
930,16,CUX_P,LV,5,0.186996
931,16,PEP_P,LA,1,0.559263
932,16,PEP_P,LA,2,0.473013
933,16,PEP_P,LA,3,0.643776
934,16,PEP_P,LA,4,0.615146
935,16,PEP_P,LA,5,0.440684
936,16,PEP_P,LV,1,0.438661
937,16,PEP_P,LV,2,0.356343
938,16,PEP_P,LV,3,0.501475
939,16,PEP_P,LV,4,0.479557
940,16,PEP_P,LV,5,0.372182
941,16,CAUL_P,LA,1,0.641544
942,16,CAUL_P,LA,2,0.576728
943,16,CAUL_P,LA,3,0.792243
944,16,CAUL_P,LA,4,0.602526
945,16,CAUL_P,LA,5,0.676066
946,16,CAUL_P,LV,1,0.644161
947,16,CAUL_P,LV,2,0.56482
948,16,CAUL_P,LV,3,0.648317
949,16,CAUL_P,LV,4,0.606318
950,16,CAUL_P,LV,5,0.669912
951,16,LET_P,LA,1,1.51078
952,16,LET_P,LA,2,0.779406
953,16,LET_P,LA,3,0.554516
954,16,LET_P,LA,4,0.473142
955,16,LET_P,LA,5,0.55384
956,16,LET_P,LV,1,1.31898
957,16,LET_P,LV,2,0.645353
958,16,LET_P,LV,3,0.517009
959,16,LET_P,LV,4,0.400437
960,16,LET_P,LV,5,0.493105
961,17,TOM_P,LA,1,0.362138
962,17,TOM_P,LA,2,0.31319
963,17,TOM_P,LA,3,0.385264
964,17,TOM_P,LA,4,0.702324
965,17,TOM_P,LA,5,0.474734
966,17,TOM_P,LV,1,0.286697
967,17,TOM_P,LV,2,0.217014
968,17,TOM_P,LV,3,0.356224
969,17,TOM_P,LV,4,0.581056
970,17,TOM_P,LV,5,0.380197
971,17,CEL_P,LA,1,0.487718
972,17,CEL_P,LA,2,0.16154
973,17,CEL_P,LA,3,0.903393
974,17,CEL_P,LA,4,0.148386
975,17,CEL_P,LA,5,0.136942
976,17,CEL_P,LV,1,0.426428
977,17,CEL_P,LV,2,0.153283
978,17,CEL_P,LV,3,0.815361
979,17,CEL_P,LV,4,0.166219
980,17,CEL_P,LV,5,0.155756
981,17,CUX_P,LA,1,0.175228
982,17,CUX_P,LA,2,0.148353
983,17,CUX_P,LA,3,0.129401
984,17,CUX_P,LA,4,0.132782
985,17,CUX_P,LA,5,0.187662
986,17,CUX_P,LV,1,0.13828
987,17,CUX_P,LV,2,0.114885
988,17,CUX_P,LV,3,0.101321
989,17,CUX_P,LV,4,0.10417
990,17,CUX_P,LV,5,0.15911
991,17,PEP_P,LA,1,0.551366
992,17,PEP_P,LA,2,0.508086
993,17,PEP_P,LA,3,0.641046
994,17,PEP_P,LA,4,0.642624
995,17,PEP_P,LA,5,0.488174
996,17,PEP_P,LV,1,0.406061
997,17,PEP_P,LV,2,0.365107
998,17,PEP_P,LV,3,0.491946
999,17,PEP_P,LV,4,0.557201
1000,17,PEP_P,LV,5,0.400472
1001,17,CAUL_P,LA,1,0.594523
1002,17,CAUL_P,LA,2,0.596161
1003,17,CAUL_P,LA,3,1.11603
1004,17,CAUL_P,LA,4,0.588887
1005,17,CAUL_P,LA,5,0.6733
1006,17,CAUL_P,LV,1,0.596776
1007,17,CAUL_P,LV,2,0.592861
1008,17,CAUL_P,LV,3,0.792318
1009,17,CAUL_P,LV,4,0.598994
1010,17,CAUL_P,LV,5,0.683765
1011,17,LET_P,LA,1,0.848604
1012,17,LET_P,LA,2,0.647805
1013,17,LET_P,LA,3,0.553998
1014,17,LET_P,LA,4,0.477212
1015,17,LET_P,LA,5,0.493753
1016,17,LET_P,LV,1,0.737683
1017,17,LET_P,LV,2,0.555253
1018,17,LET_P,LV,3,0.523204
1019,17,LET_P,LV,4,0.413368
1020,17,LET_P,LV,5,0.485099
1021,18,TOM_P,LA,1,0.425297
1022,18,TOM_P,LA,2,0.450594
1023,18,TOM_P,LA,3,0.408653
1024,18,TOM_P,LA,4,0.910132
1025,18,TOM_P,LA,5,0.48082
1026,18,TOM_P,LV,1,0.319972
1027,18,TOM_P,LV,2,0.279263
1028,18,TOM_P,LV,3,0.330876
1029,18,TOM_P,LV,4,0.731782
1030,18,TOM_P,LV,5,0.436632
1031,18,CEL_P,LA,1,0.58159
1032,18,CEL_P,LA,2,0.161555
1033,18,CEL_P,LA,3,0.8325
1034,18,CEL_P,LA,4,0.174859
1035,18,CEL_P,LA,5,0.141507
1036,18,CEL_P,LV,1,0.521459
1037,18,CEL_P,LV,2,0.15823
1038,18,CEL_P,LV,3,0.693863
1039,18,CEL_P,LV,4,0.179929
1040,18,CEL_P,LV,5,0.164251
1041,18,CUX_P,LA,1,0.175228
1042,18,CUX_P,LA,2,0.148366
1043,18,CUX_P,LA,3,0.12932
1044,18,CUX_P,LA,4,0.113464
1045,18,CUX_P,LA,5,0.179039
1046,18,CUX_P,LV,1,0.129093
1047,18,CUX_P,LV,2,0.116596
1048,18,CUX_P,LV,3,0.104595
1049,18,CUX_P,LV,4,0.0962622
1050,18,CUX_P,LV,5,0.148158
1051,18,PEP_P,LA,1,0.539405
1052,18,PEP_P,LA,2,0.584951
1053,18,PEP_P,LA,3,0.60103
1054,18,PEP_P,LA,4,0.642122
1055,18,PEP_P,LA,5,0.564203
1056,18,PEP_P,LV,1,0.403425
1057,18,PEP_P,LV,2,0.426988
1058,18,PEP_P,LV,3,0.541333
1059,18,PEP_P,LV,4,0.558372
1060,18,PEP_P,LV,5,0.440557
1061,18,CAUL_P,LA,1,0.916192
1062,18,CAUL_P,LA,2,0.724028
1063,18,CAUL_P,LA,3,1.2969
1064,18,CAUL_P,LA,4,0.600201
1065,18,CAUL_P,LA,5,0.6733
1066,18,CAUL_P,LV,1,0.749631
1067,18,CAUL_P,LV,2,0.666906
1068,18,CAUL_P,LV,3,1.00308
1069,18,CAUL_P,LV,4,0.604689
1070,18,CAUL_P,LV,5,0.628218
1071,18,LET_P,LA,1,0.634158
1072,18,LET_P,LA,2,0.501973
1073,18,LET_P,LA,3,0.553653
1074,18,LET_P,LA,4,0.493492
1075,18,LET_P,LA,5,0.479298
1076,18,LET_P,LV,1,0.515862
1077,18,LET_P,LV,2,0.430839
1078,18,LET_P,LV,3,0.47616
1079,18,LET_P,LV,4,0.42256
1080,18,LET_P,LV,5,0.445243
1081,19,TOM_P,LA,1,0.723163
1082,19,TOM_P,LA,2,0.448396
1083,19,TOM_P,LA,3,0.646602
1084,19,TOM_P,LA,4,0.870411
1085,19,TOM_P,LA,5,0.447345
1086,19,TOM_P,LV,1,0.605238
1087,19,TOM_P,LV,2,0.354497
1088,19,TOM_P,LV,3,0.456234
1089,19,TOM_P,LV,4,0.714258
1090,19,TOM_P,LV,5,0.404671
1091,19,CEL_P,LA,1,0.680647
1092,19,CEL_P,LA,2,0.161555
1093,19,CEL_P,LA,3,0.905243
1094,19,CEL_P,LA,4,0.174859
1095,19,CEL_P,LA,5,0.14455
1096,19,CEL_P,LV,1,0.565766
1097,19,CEL_P,LV,2,0.175065
1098,19,CEL_P,LV,3,0.723487
1099,19,CEL_P,LV,4,0.191159
1100,19,CEL_P,LV,5,0.167292
1101,19,CUX_P,LA,1,0.195254
1102,19,CUX_P,LA,2,0.148366
1103,19,CUX_P,LA,3,0.12932
1104,19,CUX_P,LA,4,0.108801
1105,19,CUX_P,LA,5,0.14455
1106,19,CUX_P,LV,1,0.146209
1107,19,CUX_P,LV,2,0.116596
1108,19,CUX_P,LV,3,0.104595
1109,19,CUX_P,LV,4,0.0912074
1110,19,CUX_P,LV,5,0.115656
1111,19,PEP_P,LA,1,0.540783
1112,19,PEP_P,LA,2,0.714985
1113,19,PEP_P,LA,3,0.596311
1114,19,PEP_P,LA,4,0.656694
1115,19,PEP_P,LA,5,0.563492
1116,19,PEP_P,LV,1,0.440411
1117,19,PEP_P,LV,2,0.621128
1118,19,PEP_P,LV,3,0.549248
1119,19,PEP_P,LV,4,0.581098
1120,19,PEP_P,LV,5,0.439142
1121,19,CAUL_P,LA,1,0.600364
1122,19,CAUL_P,LA,2,0.708386
1123,19,CAUL_P,LA,3,1.30013
1124,19,CAUL_P,LA,4,0.600201
1125,19,CAUL_P,LA,5,0.6733
1126,19,CAUL_P,LV,1,0.614866
1127,19,CAUL_P,LV,2,0.669217
1128,19,CAUL_P,LV,3,1.04224
1129,19,CAUL_P,LV,4,0.60702
1130,19,CAUL_P,LV,5,0.633256
1131,19,LET_P,LA,1,0.587431
1132,19,LET_P,LA,2,0.453342
1133,19,LET_P,LA,3,0.553653
1134,19,LET_P,LA,4,0.493492
1135,19,LET_P,LA,5,0.479298
1136,19,LET_P,LV,1,0.462025
1137,19,LET_P,LV,2,0.387082
1138,19,LET_P,LV,3,0.469486
1139,19,LET_P,LV,4,0.427694
1140,19,LET_P,LV,5,0.445592
1141,20,TOM_P,LA,1,0.80581
1142,20,TOM_P,LA,2,0.412129
1143,20,TOM_P,LA,3,0.484951
1144,20,TOM_P,LA,4,0.65759
1145,20,TOM_P,LA,5,0.441259
1146,20,TOM_P,LV,1,0.698003
1147,20,TOM_P,LV,2,0.38778
1148,20,TOM_P,LV,3,0.381107
1149,20,TOM_P,LV,4,0.629993
1150,20,TOM_P,LV,5,0.38893
1151,20,CEL_P,LA,1,0.771003
1152,20,CEL_P,LA,2,0.153312
1153,20,CEL_P,LA,3,0.948888
1154,20,CEL_P,LA,4,0.177191
1155,20,CEL_P,LA,5,0.14455
1156,20,CEL_P,LV,1,0.677905
1157,20,CEL_P,LV,2,0.17391
1158,20,CEL_P,LV,3,0.747904
1159,20,CEL_P,LV,4,0.202721
1160,20,CEL_P,LV,5,0.169925
1161,20,CUX_P,LA,1,0.225293
1162,20,CUX_P,LA,2,0.148366
1163,20,CUX_P,LA,3,0.12932
1164,20,CUX_P,LA,4,0.108801
1165,20,CUX_P,LA,5,0.14455
1166,20,CUX_P,LV,1,0.167289
1167,20,CUX_P,LV,2,0.126125
1168,20,CUX_P,LV,3,0.101258
1169,20,CUX_P,LV,4,0.0912074
1170,20,CUX_P,LV,5,0.115656
1171,20,PEP_P,LA,1,0.538001
1172,20,PEP_P,LA,2,0.675548
1173,20,PEP_P,LA,3,0.57332
1174,20,PEP_P,LA,4,0.656694
1175,20,PEP_P,LA,5,0.563492
1176,20,PEP_P,LV,1,0.438473
1177,20,PEP_P,LV,2,0.565641
1178,20,PEP_P,LV,3,0.516953
1179,20,PEP_P,LV,4,0.588273
1180,20,PEP_P,LV,5,0.454934
1181,20,CAUL_P,LA,1,0.450586
1182,20,CAUL_P,LA,2,0.653911
1183,20,CAUL_P,LA,3,0.947676
1184,20,CAUL_P,LA,4,0.600201
1185,20,CAUL_P,LA,5,0.6733
1186,20,CAUL_P,LV,1,0.476828
1187,20,CAUL_P,LV,2,0.611394
1188,20,CAUL_P,LV,3,0.785114
1189,20,CAUL_P,LV,4,0.586843
1190,20,CAUL_P,LV,5,0.640587
1191,20,LET_P,LA,1,0.549047
1192,20,LET_P,LA,2,0.453342
1193,20,LET_P,LA,3,0.553653
1194,20,LET_P,LA,4,0.532349
1195,20,LET_P,LA,5,0.479298
1196,20,LET_P,LV,1,0.47232
1197,20,LET_P,LV,2,0.41771
1198,20,LET_P,LV,3,0.489508
1199,20,LET_P,LV,4,0.47434
1200,20,LET_P,LV,5,0.440741
1201,21,TOM_P,LA,1,0.728692
1202,21,TOM_P,LA,2,0.412075
1203,21,TOM_P,LA,3,0.413825
1204,21,TOM_P,LA,4,0.595418
1205,21,TOM_P,LA,5,0.460732
1206,21,TOM_P,LV,1,0.667652
1207,21,TOM_P,LV,2,0.365947
1208,21,TOM_P,LV,3,0.334036
1209,21,TOM_P,LV,4,0.501321
1210,21,TOM_P,LV,5,0.414881
1211,21,CEL_P,LA,1,0.776919
1212,21,CEL_P,LA,2,0.154528
1213,21,CEL_P,LA,3,0.977985
1214,21,CEL_P,LA,4,0.170974
1215,21,CEL_P,LA,5,0.143507
1216,21,CEL_P,LV,1,0.692993
1217,21,CEL_P,LV,2,0.166664
1218,21,CEL_P,LV,3,0.801843
1219,21,CEL_P,LV,4,0.200851
1220,21,CEL_P,LV,5,0.171382
1221,21,CUX_P,LA,1,0.222668
1222,21,CUX_P,LA,2,0.181313
1223,21,CUX_P,LA,3,0.12932
1224,21,CUX_P,LA,4,0.108801
1225,21,CUX_P,LA,5,0.143507
1226,21,CUX_P,LV,1,0.166307
1227,21,CUX_P,LV,2,0.133036
1228,21,CUX_P,LV,3,0.101258
1229,21,CUX_P,LV,4,0.0912074
1230,21,CUX_P,LV,5,0.115289
1231,21,PEP_P,LA,1,0.563271
1232,21,PEP_P,LA,2,0.623057
1233,21,PEP_P,LA,3,0.542403
1234,21,PEP_P,LA,4,0.658739
1235,21,PEP_P,LA,5,0.564334
1236,21,PEP_P,LV,1,0.455157
1237,21,PEP_P,LV,2,0.506804
1238,21,PEP_P,LV,3,0.440763
1239,21,PEP_P,LV,4,0.565018
1240,21,PEP_P,LV,5,0.463125
1241,21,CAUL_P,LA,1,0.445694
1242,21,CAUL_P,LA,2,0.653825
1243,21,CAUL_P,LA,3,0.74898
1244,21,CAUL_P,LA,4,0.611036
1245,21,CAUL_P,LA,5,0.668439
1246,21,CAUL_P,LV,1,0.4771
1247,21,CAUL_P,LV,2,0.607217
1248,21,CAUL_P,LV,3,0.629534
1249,21,CAUL_P,LV,4,0.591668
1250,21,CAUL_P,LV,5,0.637683
1251,21,LET_P,LA,1,0.537548
1252,21,LET_P,LA,2,0.453282
1253,21,LET_P,LA,3,0.553653
1254,21,LET_P,LA,4,0.532349
1255,21,LET_P,LA,5,0.475838
1256,21,LET_P,LV,1,0.461057
1257,21,LET_P,LV,2,0.387032
1258,21,LET_P,LV,3,0.469486
1259,21,LET_P,LV,4,0.495138
1260,21,LET_P,LV,5,0.433193
1261,22,TOM_P,LA,1,0.456255
1262,22,TOM_P,LA,2,0.411912
1263,22,TOM_P,LA,3,0.424678
1264,22,TOM_P,LA,4,0.551905
1265,22,TOM_P,LA,5,0.513603
1266,22,TOM_P,LV,1,0.49943
1267,22,TOM_P,LV,2,0.356965
1268,22,TOM_P,LV,3,0.362838
1269,22,TOM_P,LV,4,0.49457
1270,22,TOM_P,LV,5,0.445894
1271,22,CEL_P,LA,1,0.547339
1272,22,CEL_P,LA,2,0.158174
1273,22,CEL_P,LA,3,0.949057
1274,22,CEL_P,LA,4,0.16549
1275,22,CEL_P,LA,5,0.143507
1276,22,CEL_P,LV,1,0.552714
1277,22,CEL_P,LV,2,0.1692
1278,22,CEL_P,LV,3,0.849148
1279,22,CEL_P,LV,4,0.175926
1280,22,CEL_P,LV,5,0.171076
1281,22,CUX_P,LA,1,0.182725
1282,22,CUX_P,LA,2,0.181241
1283,22,CUX_P,LA,3,0.151979
1284,22,CUX_P,LA,4,0.127949
1285,22,CUX_P,LA,5,0.143507
1286,22,CUX_P,LV,1,0.148018
1287,22,CUX_P,LV,2,0.132984
1288,22,CUX_P,LV,3,0.120251
1289,22,CUX_P,LV,4,0.0985513
1290,22,CUX_P,LV,5,0.124176
1291,22,PEP_P,LA,1,0.599347
1292,22,PEP_P,LA,2,0.606188
1293,22,PEP_P,LA,3,0.534982
1294,22,PEP_P,LA,4,0.66312
1295,22,PEP_P,LA,5,0.56597
1296,22,PEP_P,LV,1,0.466288
1297,22,PEP_P,LV,2,0.471562
1298,22,PEP_P,LV,3,0.401173
1299,22,PEP_P,LV,4,0.547658
1300,22,PEP_P,LV,5,0.427476
1301,22,CAUL_P,LA,1,0.435364
1302,22,CAUL_P,LA,2,0.627205
1303,22,CAUL_P,LA,3,0.636796
1304,22,CAUL_P,LA,4,0.601835
1305,22,CAUL_P,LA,5,0.624308
1306,22,CAUL_P,LV,1,0.486723
1307,22,CAUL_P,LV,2,0.59654
1308,22,CAUL_P,LV,3,0.594233
1309,22,CAUL_P,LV,4,0.576385
1310,22,CAUL_P,LV,5,0.60823
1311,22,LET_P,LA,1,0.618368
1312,22,LET_P,LA,2,0.453104
1313,22,LET_P,LA,3,0.5392
1314,22,LET_P,LA,4,0.559109
1315,22,LET_P,LA,5,0.475838
1316,22,LET_P,LV,1,0.493928
1317,22,LET_P,LV,2,0.386879
1318,22,LET_P,LV,3,0.460471
1319,22,LET_P,LV,4,0.505527
1320,22,LET_P,LV,5,0.456358
1321,23,TOM_P,LA,1,0.603595
1322,23,TOM_P,LA,2,0.425094
1323,23,TOM_P,LA,3,0.446823
1324,23,TOM_P,LA,4,0.457804
1325,23,TOM_P,LA,5,0.477349
1326,23,TOM_P,LV,1,0.50316
1327,23,TOM_P,LV,2,0.360143
1328,23,TOM_P,LV,3,0.383844
1329,23,TOM_P,LV,4,0.462589
1330,23,TOM_P,LV,5,0.440132
1331,23,CEL_P,LA,1,0.286622
1332,23,CEL_P,LA,2,0.144169
1333,23,CEL_P,LA,3,0.88223
1334,23,CEL_P,LA,4,0.14693
1335,23,CEL_P,LA,5,0.143507
1336,23,CEL_P,LV,1,0.294985
1337,23,CEL_P,LV,2,0.170458
1338,23,CEL_P,LV,3,0.807891
1339,23,CEL_P,LV,4,0.16531
1340,23,CEL_P,LV,5,0.170078
1341,23,CUX_P,LA,1,0.175483
1342,23,CUX_P,LA,2,0.181241
1343,23,CUX_P,LA,3,0.163296
1344,23,CUX_P,LA,4,0.222153
1345,23,CUX_P,LA,5,0.15106
1346,23,CUX_P,LV,1,0.131006
1347,23,CUX_P,LV,2,0.139786
1348,23,CUX_P,LV,3,0.131407
1349,23,CUX_P,LV,4,0.147345
1350,23,CUX_P,LV,5,0.125296
1351,23,PEP_P,LA,1,0.619721
1352,23,PEP_P,LA,2,0.679339
1353,23,PEP_P,LA,3,0.558255
1354,23,PEP_P,LA,4,0.66189
1355,23,PEP_P,LA,5,0.56597
1356,23,PEP_P,LV,1,0.488943
1357,23,PEP_P,LV,2,0.516204
1358,23,PEP_P,LV,3,0.416045
1359,23,PEP_P,LV,4,0.547819
1360,23,PEP_P,LV,5,0.39615
1361,23,CAUL_P,LA,1,0.593838
1362,23,CAUL_P,LA,2,0.620615
1363,23,CAUL_P,LA,3,0.634707
1364,23,CAUL_P,LA,4,0.655387
1365,23,CAUL_P,LA,5,0.622582
1366,23,CAUL_P,LV,1,0.561725
1367,23,CAUL_P,LV,2,0.591073
1368,23,CAUL_P,LV,3,0.627338
1369,23,CAUL_P,LV,4,0.598137
1370,23,CAUL_P,LV,5,0.622231
1371,23,LET_P,LA,1,0.618368
1372,23,LET_P,LA,2,0.453104
1373,23,LET_P,LA,3,0.581237
1374,23,LET_P,LA,4,0.568389
1375,23,LET_P,LA,5,0.527198
1376,23,LET_P,LV,1,0.496688
1377,23,LET_P,LV,2,0.427694
1378,23,LET_P,LV,3,0.49714
1379,23,LET_P,LV,4,0.50122
1380,23,LET_P,LV,5,0.486687
1381,24,TOM_P,LA,1,0.508064
1382,24,TOM_P,LA,2,0.474523
1383,24,TOM_P,LA,3,0.474933
1384,24,TOM_P,LA,4,0.449813
1385,24,TOM_P,LA,5,0.426324
1386,24,TOM_P,LV,1,0.441284
1387,24,TOM_P,LV,2,0.402162
1388,24,TOM_P,LV,3,0.415834
1389,24,TOM_P,LV,4,0.414737
1390,24,TOM_P,LV,5,0.413069
1391,24,CEL_P,LA,1,0.236484
1392,24,CEL_P,LA,2,0.144169
1393,24,CEL_P,LA,3,0.947441
1394,24,CEL_P,LA,4,0.14693
1395,24,CEL_P,LA,5,0.143507
1396,24,CEL_P,LV,1,0.2439
1397,24,CEL_P,LV,2,0.174539
1398,24,CEL_P,LV,3,0.775638
1399,24,CEL_P,LV,4,0.169496
1400,24,CEL_P,LV,5,0.173446
1401,24,CUX_P,LA,1,0.175483
1402,24,CUX_P,LA,2,0.181241
1403,24,CUX_P,LA,3,0.177847
1404,24,CUX_P,LA,4,0.248622
1405,24,CUX_P,LA,5,0.167676
1406,24,CUX_P,LV,1,0.126981
1407,24,CUX_P,LV,2,0.138086
1408,24,CUX_P,LV,3,0.137168
1409,24,CUX_P,LV,4,0.158463
1410,24,CUX_P,LV,5,0.131875
1411,24,PEP_P,LA,1,0.673838
1412,24,PEP_P,LA,2,0.718493
1413,24,PEP_P,LA,3,0.669972
1414,24,PEP_P,LA,4,0.720732
1415,24,PEP_P,LA,5,0.56597
1416,24,PEP_P,LV,1,0.564023
1417,24,PEP_P,LV,2,0.509645
1418,24,PEP_P,LV,3,0.465301
1419,24,PEP_P,LV,4,0.557963
1420,24,PEP_P,LV,5,0.357989
1421,24,CAUL_P,LA,1,0.578973
1422,24,CAUL_P,LA,2,0.606335
1423,24,CAUL_P,LA,3,0.631358
1424,24,CAUL_P,LA,4,0.703719
1425,24,CAUL_P,LA,5,0.622582
1426,24,CAUL_P,LV,1,0.602529
1427,24,CAUL_P,LV,2,0.5771
1428,24,CAUL_P,LV,3,0.622387
1429,24,CAUL_P,LV,4,0.651214
1430,24,CAUL_P,LV,5,0.623755
1431,24,LET_P,LA,1,0.618368
1432,24,LET_P,LA,2,0.453104
1433,24,LET_P,LA,3,0.97816
1434,24,LET_P,LA,4,0.670467
1435,24,LET_P,LA,5,0.574027
1436,24,LET_P,LV,1,0.474608
1437,24,LET_P,LV,2,0.47191
1438,24,LET_P,LV,3,0.949116
1439,24,LET_P,LV,4,0.546107
1440,24,LET_P,LV,5,0.491519
1441,25,TOM_P,LA,1,0.417816
1442,25,TOM_P,LA,2,0.461342
1443,25,TOM_P,LA,3,0.460786
1444,25,TOM_P,LA,4,0.448524
1445,25,TOM_P,LA,5,0.411298
1446,25,TOM_P,LV,1,0.360356
1447,25,TOM_P,LV,2,0.409832
1448,25,TOM_P,LV,3,0.41787
1449,25,TOM_P,LV,4,0.408834
1450,25,TOM_P,LV,5,0.3567
1451,25,CEL_P,LA,1,0.289964
1452,25,CEL_P,LA,2,0.149112
1453,25,CEL_P,LA,3,0.507673
1454,25,CEL_P,LA,4,0.185596
1455,25,CEL_P,LA,5,0.156643
1456,25,CEL_P,LV,1,0.250049
1457,25,CEL_P,LV,2,0.17695
1458,25,CEL_P,LV,3,0.485257
1459,25,CEL_P,LV,4,0.187359
1460,25,CEL_P,LV,5,0.178512
1461,25,CUX_P,LA,1,0.189688
1462,25,CUX_P,LA,2,0.18845
1463,25,CUX_P,LA,3,0.177847
1464,25,CUX_P,LA,4,0.251328
1465,25,CUX_P,LA,5,0.192069
1466,25,CUX_P,LV,1,0.133756
1467,25,CUX_P,LV,2,0.14094
1468,25,CUX_P,LV,3,0.133831
1469,25,CUX_P,LV,4,0.160173
1470,25,CUX_P,LV,5,0.144462
1471,25,PEP_P,LA,1,0.725415
1472,25,PEP_P,LA,2,0.744973
1473,25,PEP_P,LA,3,0.676612
1474,25,PEP_P,LA,4,0.73259
1475,25,PEP_P,LA,5,0.553606
1476,25,PEP_P,LV,1,0.596189
1477,25,PEP_P,LV,2,0.51512
1478,25,PEP_P,LV,3,0.561381
1479,25,PEP_P,LV,4,0.562712
1480,25,PEP_P,LV,5,0.385897
1481,25,CAUL_P,LA,1,0.578973
1482,25,CAUL_P,LA,2,0.58217
1483,25,CAUL_P,LA,3,0.629337
1484,25,CAUL_P,LA,4,0.655602
1485,25,CAUL_P,LA,5,0.620862
1486,25,CAUL_P,LV,1,0.579683
1487,25,CAUL_P,LV,2,0.543496
1488,25,CAUL_P,LV,3,0.597862
1489,25,CAUL_P,LV,4,0.639515
1490,25,CAUL_P,LV,5,0.641154
1491,25,LET_P,LA,1,0.633223
1492,25,LET_P,LA,2,0.453104
1493,25,LET_P,LA,3,1.03879
1494,25,LET_P,LA,4,0.942675
1495,25,LET_P,LA,5,0.599507
1496,25,LET_P,LV,1,0.488142
1497,25,LET_P,LV,2,0.395042
1498,25,LET_P,LV,3,1.0332
1499,25,LET_P,LV,4,0.768562
1500,25,LET_P,LV,5,0.492061
1501,26,TOM_P,LA,1,0.357474
1502,26,TOM_P,LA,2,0.340166
1503,26,TOM_P,LA,3,0.468489
1504,26,TOM_P,LA,4,0.383438
1505,26,TOM_P,LA,5,0.36754
1506,26,TOM_P,LV,1,0.318471
1507,26,TOM_P,LV,2,0.340327
1508,26,TOM_P,LV,3,0.419674
1509,26,TOM_P,LV,4,0.379417
1510,26,TOM_P,LV,5,0.339074
1511,26,CEL_P,LA,1,0.28452
1512,26,CEL_P,LA,2,0.197317
1513,26,CEL_P,LA,3,0.192703
1514,26,CEL_P,LA,4,0.240133
1515,26,CEL_P,LA,5,0.165018
1516,26,CEL_P,LV,1,0.278169
1517,26,CEL_P,LV,2,0.191184
1518,26,CEL_P,LV,3,0.226563
1519,26,CEL_P,LV,4,0.221935
1520,26,CEL_P,LV,5,0.182861
1521,26,CUX_P,LA,1,0.212608
1522,26,CUX_P,LA,2,0.184984
1523,26,CUX_P,LA,3,0.174241
1524,26,CUX_P,LA,4,0.274991
1525,26,CUX_P,LA,5,0.165956
1526,26,CUX_P,LV,1,0.156468
1527,26,CUX_P,LV,2,0.13519
1528,26,CUX_P,LV,3,0.129016
1529,26,CUX_P,LV,4,0.172045
1530,26,CUX_P,LV,5,0.130741
1531,26,PEP_P,LA,1,0.632823
1532,26,PEP_P,LA,2,0.67543
1533,26,PEP_P,LA,3,0.708409
1534,26,PEP_P,LA,4,0.815936
1535,26,PEP_P,LA,5,0.54831
1536,26,PEP_P,LV,1,0.504105
1537,26,PEP_P,LV,2,0.490893
1538,26,PEP_P,LV,3,0.565201
1539,26,PEP_P,LV,4,0.651263
1540,26,PEP_P,LV,5,0.355996
1541,26,CAUL_P,LA,1,0.577675
1542,26,CAUL_P,LA,2,0.57859
1543,26,CAUL_P,LA,3,0.633066
1544,26,CAUL_P,LA,4,0.615386
1545,26,CAUL_P,LA,5,0.627122
1546,26,CAUL_P,LV,1,0.548041
1547,26,CAUL_P,LV,2,0.509687
1548,26,CAUL_P,LV,3,0.613245
1549,26,CAUL_P,LV,4,0.60104
1550,26,CAUL_P,LV,5,0.632478
1551,26,LET_P,LA,1,0.618023
1552,26,LET_P,LA,2,0.452184
1553,26,LET_P,LA,3,1.16112
1554,26,LET_P,LA,4,1.13482
1555,26,LET_P,LA,5,0.615067
1556,26,LET_P,LV,1,0.480496
1557,26,LET_P,LV,2,0.403066
1558,26,LET_P,LV,3,1.07068
1559,26,LET_P,LV,4,0.84002
1560,26,LET_P,LV,5,0.55863
1561,27,TOM_P,LA,1,0.333503
1562,27,TOM_P,LA,2,0.304197
1563,27,TOM_P,LA,3,0.452334
1564,27,TOM_P,LA,4,0.372445
1565,27,TOM_P,LA,5,0.365933
1566,27,TOM_P,LV,1,0.33256
1567,27,TOM_P,LV,2,0.310528
1568,27,TOM_P,LV,3,0.400309
1569,27,TOM_P,LV,4,0.360752
1570,27,TOM_P,LV,5,0.3317
1571,27,CEL_P,LA,1,0.273473
1572,27,CEL_P,LA,2,0.197317
1573,27,CEL_P,LA,3,0.189819
1574,27,CEL_P,LA,4,0.254116
1575,27,CEL_P,LA,5,0.165018
1576,27,CEL_P,LV,1,0.258132
1577,27,CEL_P,LV,2,0.211637
1578,27,CEL_P,LV,3,0.202394
1579,27,CEL_P,LV,4,0.253582
1580,27,CEL_P,LV,5,0.18214
1581,27,CUX_P,LA,1,0.200936
1582,27,CUX_P,LA,2,0.184984
1583,27,CUX_P,LA,3,0.169625
1584,27,CUX_P,LA,4,0.275454
1585,27,CUX_P,LA,5,0.161268
1586,27,CUX_P,LV,1,0.14152
1587,27,CUX_P,LV,2,0.136463
1588,27,CUX_P,LV,3,0.14553
1589,27,CUX_P,LV,4,0.17527
1590,27,CUX_P,LV,5,0.127337
1591,27,PEP_P,LA,1,0.685606
1592,27,PEP_P,LA,2,0.714514
1593,27,PEP_P,LA,3,0.731004
1594,27,PEP_P,LA,4,0.81731
1595,27,PEP_P,LA,5,0.557961
1596,27,PEP_P,LV,1,0.572557
1597,27,PEP_P,LV,2,0.513471
1598,27,PEP_P,LV,3,0.55386
1599,27,PEP_P,LV,4,0.624795
1600,27,PEP_P,LV,5,0.392179
1601,27,CAUL_P,LA,1,0.590893
1602,27,CAUL_P,LA,2,0.576192
1603,27,CAUL_P,LA,3,0.636095
1604,27,CAUL_P,LA,4,0.592215
1605,27,CAUL_P,LA,5,0.630069
1606,27,CAUL_P,LV,1,0.578357
1607,27,CAUL_P,LV,2,0.524578
1608,27,CAUL_P,LV,3,0.607665
1609,27,CAUL_P,LV,4,0.6043
1610,27,CAUL_P,LV,5,0.632785
1611,27,LET_P,LA,1,0.571124
1612,27,LET_P,LA,2,0.452184
1613,27,LET_P,LA,3,1.46201
1614,27,LET_P,LA,4,1.096
1615,27,LET_P,LA,5,0.615067
1616,27,LET_P,LV,1,0.501513
1617,27,LET_P,LV,2,0.40646
1618,27,LET_P,LV,3,1.11911
1619,27,LET_P,LV,4,0.814225
1620,27,LET_P,LV,5,0.529542
1621,28,TOM_P,LA,1,0.346843
1622,28,TOM_P,LA,2,0.294188
1623,28,TOM_P,LA,3,0.452334
1624,28,TOM_P,LA,4,0.362569
1625,28,TOM_P,LA,5,0.390043
1626,28,TOM_P,LV,1,0.363044
1627,28,TOM_P,LV,2,0.302039
1628,28,TOM_P,LV,3,0.385024
1629,28,TOM_P,LV,4,0.379514
1630,28,TOM_P,LV,5,0.348075
1631,28,CEL_P,LA,1,0.241373
1632,28,CEL_P,LA,2,0.197317
1633,28,CEL_P,LA,3,0.175279
1634,28,CEL_P,LA,4,0.221915
1635,28,CEL_P,LA,5,0.165018
1636,28,CEL_P,LV,1,0.232686
1637,28,CEL_P,LV,2,0.213674
1638,28,CEL_P,LV,3,0.186596
1639,28,CEL_P,LV,4,0.238987
1640,28,CEL_P,LV,5,0.183384
1641,28,CUX_P,LA,1,0.175089
1642,28,CUX_P,LA,2,0.184984
1643,28,CUX_P,LA,3,0.169625
1644,28,CUX_P,LA,4,0.230007
1645,28,CUX_P,LA,5,0.142516
1646,28,CUX_P,LV,1,0.124401
1647,28,CUX_P,LV,2,0.147919
1648,28,CUX_P,LV,3,0.1522
1649,28,CUX_P,LV,4,0.156421
1650,28,CUX_P,LV,5,0.11884
1651,28,PEP_P,LA,1,0.860855
1652,28,PEP_P,LA,2,0.774721
1653,28,PEP_P,LA,3,0.731004
1654,28,PEP_P,LA,4,0.81731
1655,28,PEP_P,LA,5,0.597565
1656,28,PEP_P,LV,1,0.683307
1657,28,PEP_P,LV,2,0.584464
1658,28,PEP_P,LV,3,0.552332
1659,28,PEP_P,LV,4,0.605842
1660,28,PEP_P,LV,5,0.459381
1661,28,CAUL_P,LA,1,0.594748
1662,28,CAUL_P,LA,2,0.576192
1663,28,CAUL_P,LA,3,0.585207
1664,28,CAUL_P,LA,4,0.595039
1665,28,CAUL_P,LA,5,0.630069
1666,28,CAUL_P,LV,1,0.571536
1667,28,CAUL_P,LV,2,0.536949
1668,28,CAUL_P,LV,3,0.596923
1669,28,CAUL_P,LV,4,0.608769
1670,28,CAUL_P,LV,5,0.633473
1671,28,LET_P,LA,1,0.571124
1672,28,LET_P,LA,2,0.452184
1673,28,LET_P,LA,3,1.40789
1674,28,LET_P,LA,4,0.841881
1675,28,LET_P,LA,5,0.570062
1676,28,LET_P,LV,1,0.469385
1677,28,LET_P,LV,2,0.413927
1678,28,LET_P,LV,3,1.05767
1679,28,LET_P,LV,4,0.651222
1680,28,LET_P,LV,5,0.514952
1681,29,TOM_P,LA,1,0.400204
1682,29,TOM_P,LA,2,0.290713
1683,29,TOM_P,LA,3,0.400023
1684,29,TOM_P,LA,4,0.394171
1685,29,TOM_P,LA,5,0.418046
1686,29,TOM_P,LV,1,0.395617
1687,29,TOM_P,LV,2,0.282314
1688,29,TOM_P,LV,3,0.350028
1689,29,TOM_P,LV,4,0.414911
1690,29,TOM_P,LV,5,0.398932
1691,29,CEL_P,LA,1,0.187596
1692,29,CEL_P,LA,2,0.182518
1693,29,CEL_P,LA,3,0.171645
1694,29,CEL_P,LA,4,0.199801
1695,29,CEL_P,LA,5,0.153767
1696,29,CEL_P,LV,1,0.190706
1697,29,CEL_P,LV,2,0.194463
1698,29,CEL_P,LV,3,0.172911
1699,29,CEL_P,LV,4,0.211307
1700,29,CEL_P,LV,5,0.176496
1701,29,CUX_P,LA,1,0.141739
1702,29,CUX_P,LA,2,0.169363
1703,29,CUX_P,LA,3,0.159932
1704,29,CUX_P,LA,4,0.155185
1705,29,CUX_P,LA,5,0.142516
1706,29,CUX_P,LV,1,0.110508
1707,29,CUX_P,LV,2,0.134945
1708,29,CUX_P,LV,3,0.140025
1709,29,CUX_P,LV,4,0.127436
1710,29,CUX_P,LV,5,0.121461
1711,29,PEP_P,LA,1,0.876729
1712,29,PEP_P,LA,2,0.698156
1713,29,PEP_P,LA,3,0.789298
1714,29,PEP_P,LA,4,0.726785
1715,29,PEP_P,LA,5,0.597565
1716,29,PEP_P,LV,1,0.654486
1717,29,PEP_P,LV,2,0.560876
1718,29,PEP_P,LV,3,0.635996
1719,29,PEP_P,LV,4,0.539773
1720,29,PEP_P,LV,5,0.452787
1721,29,CAUL_P,LA,1,0.594748
1722,29,CAUL_P,LA,2,0.607879
1723,29,CAUL_P,LA,3,0.572797
1724,29,CAUL_P,LA,4,0.595039
1725,29,CAUL_P,LA,5,0.61776
1726,29,CAUL_P,LV,1,0.570676
1727,29,CAUL_P,LV,2,0.533806
1728,29,CAUL_P,LV,3,0.581491
1729,29,CAUL_P,LV,4,0.609218
1730,29,CAUL_P,LV,5,0.628737
1731,29,LET_P,LA,1,0.571124
1732,29,LET_P,LA,2,0.452184
1733,29,LET_P,LA,3,1.15345
1734,29,LET_P,LA,4,0.914042
1735,29,LET_P,LA,5,0.63982
1736,29,LET_P,LV,1,0.468812
1737,29,LET_P,LV,2,0.409854
1738,29,LET_P,LV,3,0.750722
1739,29,LET_P,LV,4,0.683699
1740,29,LET_P,LV,5,0.549798
1741,30,TOM_P,LA,1,0.374862
1742,30,TOM_P,LA,2,0.298712
1743,30,TOM_P,LA,3,0.396679
1744,30,TOM_P,LA,4,0.422725
1745,30,TOM_P,LA,5,0.423511
1746,30,TOM_P,LV,1,0.402556
1747,30,TOM_P,LV,2,0.288501
1748,30,TOM_P,LV,3,0.342824
1749,30,TOM_P,LV,4,0.440852
1750,30,TOM_P,LV,5,0.410215
1751,30,CEL_P,LA,1,0.165771
1752,30,CEL_P,LA,2,0.176216
1753,30,CEL_P,LA,3,0.19341
1754,30,CEL_P,LA,4,0.191654
1755,30,CEL_P,LA,5,0.153211
1756,30,CEL_P,LV,1,0.166525
1757,30,CEL_P,LV,2,0.181059
1758,30,CEL_P,LV,3,0.176829
1759,30,CEL_P,LV,4,0.209973
1760,30,CEL_P,LV,5,0.175331
1761,30,CUX_P,LA,1,0.112923
1762,30,CUX_P,LA,2,0.163483
1763,30,CUX_P,LA,3,0.14698
1764,30,CUX_P,LA,4,0.139667
1765,30,CUX_P,LA,5,0.142001
1766,30,CUX_P,LV,1,0.0950122
1767,30,CUX_P,LV,2,0.132579
1768,30,CUX_P,LV,3,0.132661
1769,30,CUX_P,LV,4,0.111361
1770,30,CUX_P,LV,5,0.120461
1771,30,PEP_P,LA,1,0.631426
1772,30,PEP_P,LA,2,0.656941
1773,30,PEP_P,LA,3,0.824455
1774,30,PEP_P,LA,4,0.650386
1775,30,PEP_P,LA,5,0.585044
1776,30,PEP_P,LV,1,0.438288
1777,30,PEP_P,LV,2,0.510025
1778,30,PEP_P,LV,3,0.644008
1779,30,PEP_P,LV,4,0.44734
1780,30,PEP_P,LV,5,0.435654
1781,30,CAUL_P,LA,1,0.594218
1782,30,CAUL_P,LA,2,0.641143
1783,30,CAUL_P,LA,3,0.581643
1784,30,CAUL_P,LA,4,0.595039
1785,30,CAUL_P,LA,5,0.612846
1786,30,CAUL_P,LV,1,0.578138
1787,30,CAUL_P,LV,2,0.562562
1788,30,CAUL_P,LV,3,0.603632
1789,30,CAUL_P,LV,4,0.605681
1790,30,CAUL_P,LV,5,0.633789
1791,30,LET_P,LA,1,0.570616
1792,30,LET_P,LA,2,0.451831
1793,30,LET_P,LA,3,0.852002
1794,30,LET_P,LA,4,1.00948
1795,30,LET_P,LA,5,0.616583
1796,30,LET_P,LV,1,0.446913
1797,30,LET_P,LV,2,0.417678
1798,30,LET_P,LV,3,0.620199
1799,30,LET_P,LV,4,0.718162
1800,30,LET_P,LV,5,0.553104
1801,31,TOM_P,LA,1,0.358117
1802,31,TOM_P,LA,2,0.305442
1803,31,TOM_P,LA,3,0.425616
1804,31,TOM_P,LA,4,0.427968
1805,31,TOM_P,LA,5,0.423511
1806,31,TOM_P,LV,1,0.402684
1807,31,TOM_P,LV,2,0.301411
1808,31,TOM_P,LV,3,0.362949
1809,31,TOM_P,LV,4,0.439608
1810,31,TOM_P,LV,5,0.37725
1811,31,CEL_P,LA,1,0.158238
1812,31,CEL_P,LA,2,0.158469
1813,31,CEL_P,LA,3,0.199003
1814,31,CEL_P,LA,4,0.172893
1815,31,CEL_P,LA,5,0.153211
1816,31,CEL_P,LV,1,0.150906
1817,31,CEL_P,LV,2,0.163877
1818,31,CEL_P,LV,3,0.170366
1819,31,CEL_P,LV,4,0.197407
1820,31,CEL_P,LV,5,0.16407
1821,31,CUX_P,LA,1,0.116596
1822,31,CUX_P,LA,2,0.156006
1823,31,CUX_P,LA,3,0.146124
1824,31,CUX_P,LA,4,0.137229
1825,31,CUX_P,LA,5,0.142001
1826,31,CUX_P,LV,1,0.0960225
1827,31,CUX_P,LV,2,0.121093
1828,31,CUX_P,LV,3,0.113269
1829,31,CUX_P,LV,4,0.110351
1830,31,CUX_P,LV,5,0.123182
1831,31,PEP_P,LA,1,0.64867
1832,31,PEP_P,LA,2,0.633496
1833,31,PEP_P,LA,3,0.753402
1834,31,PEP_P,LA,4,0.602153
1835,31,PEP_P,LA,5,0.582453
1836,31,PEP_P,LV,1,0.404446
1837,31,PEP_P,LV,2,0.451608
1838,31,PEP_P,LV,3,0.556062
1839,31,PEP_P,LV,4,0.414567
1840,31,PEP_P,LV,5,0.3977
1841,31,CAUL_P,LA,1,0.585479
1842,31,CAUL_P,LA,2,0.640444
1843,31,CAUL_P,LA,3,0.586917
1844,31,CAUL_P,LA,4,0.616259
1845,31,CAUL_P,LA,5,0.612846
1846,31,CAUL_P,LV,1,0.569383
1847,31,CAUL_P,LV,2,0.58113
1848,31,CAUL_P,LV,3,0.592739
1849,31,CAUL_P,LV,4,0.625073
1850,31,CAUL_P,LV,5,0.6553
1851,31,LET_P,LA,1,0.570488
1852,31,LET_P,LA,2,0.451595
1853,31,LET_P,LA,3,0.755646
1854,31,LET_P,LA,4,1.06372
1855,31,LET_P,LA,5,0.616583
1856,31,LET_P,LV,1,0.444221
1857,31,LET_P,LV,2,0.400846
1858,31,LET_P,LV,3,0.562506
1859,31,LET_P,LV,4,0.783089
1860,31,LET_P,LV,5,0.522073
1861,32,TOM_P,LA,1,0.358117
1862,32,TOM_P,LA,2,0.305442
1863,32,TOM_P,LA,3,0.521084
1864,32,TOM_P,LA,4,0.439132
1865,32,TOM_P,LA,5,0.377673
1866,32,TOM_P,LV,1,0.381194
1867,32,TOM_P,LV,2,0.314311
1868,32,TOM_P,LV,3,0.444763
1869,32,TOM_P,LV,4,0.429945
1870,32,TOM_P,LV,5,0.340844
1871,32,CEL_P,LA,1,0.158238
1872,32,CEL_P,LA,2,0.147795
1873,32,CEL_P,LA,3,0.184673
1874,32,CEL_P,LA,4,0.16669
1875,32,CEL_P,LA,5,0.153211
1876,32,CEL_P,LV,1,0.148614
1877,32,CEL_P,LV,2,0.151741
1878,32,CEL_P,LV,3,0.16178
1879,32,CEL_P,LV,4,0.192194
1880,32,CEL_P,LV,5,0.159325
1881,32,CUX_P,LA,1,0.13242
1882,32,CUX_P,LA,2,0.185564
1883,32,CUX_P,LA,3,0.177609
1884,32,CUX_P,LA,4,0.139555
1885,32,CUX_P,LA,5,0.142001
1886,32,CUX_P,LV,1,0.116042
1887,32,CUX_P,LV,2,0.134491
1888,32,CUX_P,LV,3,0.126985
1889,32,CUX_P,LV,4,0.112552
1890,32,CUX_P,LV,5,0.122144
1891,32,PEP_P,LA,1,0.671469
1892,32,PEP_P,LA,2,0.649828
1893,32,PEP_P,LA,3,0.678144
1894,32,PEP_P,LA,4,0.596984
1895,32,PEP_P,LA,5,0.562523
1896,32,PEP_P,LV,1,0.403244
1897,32,PEP_P,LV,2,0.43316
1898,32,PEP_P,LV,3,0.506875
1899,32,PEP_P,LV,4,0.407498
1900,32,PEP_P,LV,5,0.360653
1901,32,CAUL_P,LA,1,0.57257
1902,32,CAUL_P,LA,2,0.59939
1903,32,CAUL_P,LA,3,0.552001
1904,32,CAUL_P,LA,4,0.622458
1905,32,CAUL_P,LA,5,0.612846
1906,32,CAUL_P,LV,1,0.542276
1907,32,CAUL_P,LV,2,0.560607
1908,32,CAUL_P,LV,3,0.559595
1909,32,CAUL_P,LV,4,0.627688
1910,32,CAUL_P,LV,5,0.653106
1911,32,LET_P,LA,1,0.570488
1912,32,LET_P,LA,2,0.485259
1913,32,LET_P,LA,3,0.69429
1914,32,LET_P,LA,4,1.20327
1915,32,LET_P,LA,5,0.616583
1916,32,LET_P,LV,1,0.444564
1917,32,LET_P,LV,2,0.42265
1918,32,LET_P,LV,3,0.539879
1919,32,LET_P,LV,4,0.840579
1920,32,LET_P,LV,5,0.516693
1921,33,TOM_P,LA,1,0.358117
1922,33,TOM_P,LA,2,0.334345
1923,33,TOM_P,LA,3,0.504571
1924,33,TOM_P,LA,4,0.410911
1925,33,TOM_P,LA,5,0.417283
1926,33,TOM_P,LV,1,0.380008
1927,33,TOM_P,LV,2,0.365156
1928,33,TOM_P,LV,3,0.441626
1929,33,TOM_P,LV,4,0.368792
1930,33,TOM_P,LV,5,0.374454
1931,33,CEL_P,LA,1,0.158238
1932,33,CEL_P,LA,2,0.147795
1933,33,CEL_P,LA,3,0.180031
1934,33,CEL_P,LA,4,0.162814
1935,33,CEL_P,LA,5,0.153211
1936,33,CEL_P,LV,1,0.146617
1937,33,CEL_P,LV,2,0.147249
1938,33,CEL_P,LV,3,0.172385
1939,33,CEL_P,LV,4,0.18498
1940,33,CEL_P,LV,5,0.157945
1941,33,CUX_P,LA,1,0.159903
1942,33,CUX_P,LA,2,0.233187
1943,33,CUX_P,LA,3,0.177609
1944,33,CUX_P,LA,4,0.164364
1945,33,CUX_P,LA,5,0.149475
1946,33,CUX_P,LV,1,0.114889
1947,33,CUX_P,LV,2,0.155042
1948,33,CUX_P,LV,3,0.139577
1949,33,CUX_P,LV,4,0.123656
1950,33,CUX_P,LV,5,0.113322
1951,33,PEP_P,LA,1,0.625596
1952,33,PEP_P,LA,2,0.649828
1953,33,PEP_P,LA,3,0.634145
1954,33,PEP_P,LA,4,0.584264
1955,33,PEP_P,LA,5,0.537112
1956,33,PEP_P,LV,1,0.383311
1957,33,PEP_P,LV,2,0.431028
1958,33,PEP_P,LV,3,0.470402
1959,33,PEP_P,LV,4,0.389552
1960,33,PEP_P,LV,5,0.350731
1961,33,CAUL_P,LA,1,0.57257
1962,33,CAUL_P,LA,2,0.59939
1963,33,CAUL_P,LA,3,0.552001
1964,33,CAUL_P,LA,4,0.622458
1965,33,CAUL_P,LA,5,0.632064
1966,33,CAUL_P,LV,1,0.541512
1967,33,CAUL_P,LV,2,0.549498
1968,33,CAUL_P,LV,3,0.559275
1969,33,CAUL_P,LV,4,0.628488
1970,33,CAUL_P,LV,5,0.654818
1971,33,LET_P,LA,1,0.543838
1972,33,LET_P,LA,2,0.55423
1973,33,LET_P,LA,3,0.81458
1974,33,LET_P,LA,4,1.12161
1975,33,LET_P,LA,5,0.646478
1976,33,LET_P,LV,1,0.445703
1977,33,LET_P,LV,2,0.459111
1978,33,LET_P,LV,3,0.683166
1979,33,LET_P,LV,4,0.836845
1980,33,LET_P,LV,5,0.525033
1981,34,TOM_P,LA,1,0.478685
1982,34,TOM_P,LA,2,0.46309
1983,34,TOM_P,LA,3,0.449405
1984,34,TOM_P,LA,4,0.395095
1985,34,TOM_P,LA,5,0.415175
1986,34,TOM_P,LV,1,0.441124
1987,34,TOM_P,LV,2,0.425533
1988,34,TOM_P,LV,3,0.423692
1989,34,TOM_P,LV,4,0.360801
1990,34,TOM_P,LV,5,0.376682
1991,34,CEL_P,LA,1,0.158175
1992,34,CEL_P,LA,2,0.147795
1993,34,CEL_P,LA,3,0.168915
1994,34,CEL_P,LA,4,0.147308
1995,34,CEL_P,LA,5,0.152437
1996,34,CEL_P,LV,1,0.136864
1997,34,CEL_P,LV,2,0.147625
1998,34,CEL_P,LV,3,0.170345
1999,34,CEL_P,LV,4,0.168117
2000,34,CEL_P,LV,5,0.157279
2001,34,CUX_P,LA,1,0.192304
2002,34,CUX_P,LA,2,0.270957
2003,34,CUX_P,LA,3,0.17438
2004,34,CUX_P,LA,4,0.170567
2005,34,CUX_P,LA,5,0.148719
2006,34,CUX_P,LV,1,0.129416
2007,34,CUX_P,LV,2,0.186947
2008,34,CUX_P,LV,3,0.140706
2009,34,CUX_P,LV,4,0.141156
2010,34,CUX_P,LV,5,0.113934
2011,34,PEP_P,LA,1,0.552783
2012,34,PEP_P,LA,2,0.675633
2013,34,PEP_P,LA,3,0.610733
2014,34,PEP_P,LA,4,0.603348
2015,34,PEP_P,LA,5,0.534398
2016,34,PEP_P,LV,1,0.362583
2017,34,PEP_P,LV,2,0.442812
2018,34,PEP_P,LV,3,0.456234
2019,34,PEP_P,LV,4,0.389408
2020,34,PEP_P,LV,5,0.347963
2021,34,CAUL_P,LA,1,0.572342
2022,34,CAUL_P,LA,2,0.59939
2023,34,CAUL_P,LA,3,0.535249
2024,34,CAUL_P,LA,4,0.622458
2025,34,CAUL_P,LA,5,0.62887
2026,34,CAUL_P,LV,1,0.524523
2027,34,CAUL_P,LV,2,0.55899
2028,34,CAUL_P,LV,3,0.540292
2029,34,CAUL_P,LV,4,0.627367
2030,34,CAUL_P,LV,5,0.645987
2031,34,LET_P,LA,1,0.536961
2032,34,LET_P,LA,2,0.562441
2033,34,LET_P,LA,3,0.80247
2034,34,LET_P,LA,4,1.12419
2035,34,LET_P,LA,5,0.657291
2036,34,LET_P,LV,1,0.425703
2037,34,LET_P,LV,2,0.472096
2038,34,LET_P,LV,3,0.676038
2039,34,LET_P,LV,4,0.857469
2040,34,LET_P,LV,5,0.527336
2041,35,TOM_P,LA,1,0.469611
2042,35,TOM_P,LA,2,0.39855
2043,35,TOM_P,LA,3,0.460833
2044,35,TOM_P,LA,4,0.35283
2045,35,TOM_P,LA,5,0.413769
2046,35,TOM_P,LV,1,0.416998
2047,35,TOM_P,LV,2,0.386097
2048,35,TOM_P,LV,3,0.429103
2049,35,TOM_P,LV,4,0.350416
2050,35,TOM_P,LV,5,0.379393
2051,35,CEL_P,LA,1,0.141299
2052,35,CEL_P,LA,2,0.145561
2053,35,CEL_P,LA,3,0.169187
2054,35,CEL_P,LA,4,0.147271
2055,35,CEL_P,LA,5,0.151921
2056,35,CEL_P,LV,1,0.133313
2057,35,CEL_P,LV,2,0.151869
2058,35,CEL_P,LV,3,0.173058
2059,35,CEL_P,LV,4,0.159755
2060,35,CEL_P,LV,5,0.161119
2061,35,CUX_P,LA,1,0.23065
2062,35,CUX_P,LA,2,0.282921
2063,35,CUX_P,LA,3,0.181272
2064,35,CUX_P,LA,4,0.170524
2065,35,CUX_P,LA,5,0.148216
2066,35,CUX_P,LV,1,0.142798
2067,35,CUX_P,LV,2,0.193278
2068,35,CUX_P,LV,3,0.141624
2069,35,CUX_P,LV,4,0.139521
2070,35,CUX_P,LV,5,0.117583
2071,35,PEP_P,LA,1,0.541923
2072,35,PEP_P,LA,2,0.637012
2073,35,PEP_P,LA,3,0.58007
2074,35,PEP_P,LA,4,0.664491
2075,35,PEP_P,LA,5,0.507639
2076,35,PEP_P,LV,1,0.335286
2077,35,PEP_P,LV,2,0.443904
2078,35,PEP_P,LV,3,0.432749
2079,35,PEP_P,LV,4,0.441878
2080,35,PEP_P,LV,5,0.338679
2081,35,CAUL_P,LA,1,0.57143
2082,35,CAUL_P,LA,2,0.612996
2083,35,CAUL_P,LA,3,0.533115
2084,35,CAUL_P,LA,4,0.626732
2085,35,CAUL_P,LA,5,0.626741
2086,35,CAUL_P,LV,1,0.570594
2087,35,CAUL_P,LV,2,0.615256
2088,35,CAUL_P,LV,3,0.566656
2089,35,CAUL_P,LV,4,0.613781
2090,35,CAUL_P,LV,5,0.647094
2091,35,LET_P,LA,1,0.577664
2092,35,LET_P,LA,2,0.672451
2093,35,LET_P,LA,3,0.785511
2094,35,LET_P,LA,4,1.12391
2095,35,LET_P,LA,5,0.728109
2096,35,LET_P,LV,1,0.468932
2097,35,LET_P,LV,2,0.511716
2098,35,LET_P,LV,3,0.641976
2099,35,LET_P,LV,4,0.83798
2100,35,LET_P,LV,5,0.585073
2101,36,TOM_P,LA,1,0.465456
2102,36,TOM_P,LA,2,0.339834
2103,36,TOM_P,LA,3,0.460833
2104,36,TOM_P,LA,4,0.362729
2105,36,TOM_P,LA,5,0.449588
2106,36,TOM_P,LV,1,0.415239
2107,36,TOM_P,LV,2,0.347073
2108,36,TOM_P,LV,3,0.428414
2109,36,TOM_P,LV,4,0.358753
2110,36,TOM_P,LV,5,0.408232
2111,36,CEL_P,LA,1,0.141299
2112,36,CEL_P,LA,2,0.155812
2113,36,CEL_P,LA,3,0.166501
2114,36,CEL_P,LA,4,0.147262
2115,36,CEL_P,LA,5,0.151921
2116,36,CEL_P,LV,1,0.133903
2117,36,CEL_P,LV,2,0.157621
2118,36,CEL_P,LV,3,0.155304
2119,36,CEL_P,LV,4,0.159905
2120,36,CEL_P,LV,5,0.163326
2121,36,CUX_P,LA,1,0.282598
2122,36,CUX_P,LA,2,0.289482
2123,36,CUX_P,LA,3,0.183689
2124,36,CUX_P,LA,4,0.170514
2125,36,CUX_P,LA,5,0.234181
2126,36,CUX_P,LV,1,0.180524
2127,36,CUX_P,LV,2,0.178947
2128,36,CUX_P,LV,3,0.135928
2129,36,CUX_P,LV,4,0.139512
2130,36,CUX_P,LV,5,0.154934
2131,36,PEP_P,LA,1,0.547132
2132,36,PEP_P,LA,2,0.641819
2133,36,PEP_P,LA,3,0.539283
2134,36,PEP_P,LA,4,0.653128
2135,36,PEP_P,LA,5,0.498499
2136,36,PEP_P,LV,1,0.365008
2137,36,PEP_P,LV,2,0.434954
2138,36,PEP_P,LV,3,0.410991
2139,36,PEP_P,LV,4,0.45982
2140,36,PEP_P,LV,5,0.33506
2141,36,CAUL_P,LA,1,0.569352
2142,36,CAUL_P,LA,2,0.612996
2143,36,CAUL_P,LA,3,0.53596
2144,36,CAUL_P,LA,4,0.626693
2145,36,CAUL_P,LA,5,0.626741
2146,36,CAUL_P,LV,1,0.543804
2147,36,CAUL_P,LV,2,0.606321
2148,36,CAUL_P,LV,3,0.578692
2149,36,CAUL_P,LV,4,0.608304
2150,36,CAUL_P,LV,5,0.638561
2151,36,LET_P,LA,1,0.594287
2152,36,LET_P,LA,2,0.560922
2153,36,LET_P,LA,3,0.612296
2154,36,LET_P,LA,4,1.14515
2155,36,LET_P,LA,5,0.7974
2156,36,LET_P,LV,1,0.518408
2157,36,LET_P,LV,2,0.462478
2158,36,LET_P,LV,3,0.54512
2159,36,LET_P,LV,4,0.822367
2160,36,LET_P,LV,5,0.626582
2161,37,TOM_P,LA,1,0.515326
2162,37,TOM_P,LA,2,0.328025
2163,37,TOM_P,LA,3,0.434013
2164,37,TOM_P,LA,4,0.430934
2165,37,TOM_P,LA,5,0.473302
2166,37,TOM_P,LV,1,0.517456
2167,37,TOM_P,LV,2,0.351014
2168,37,TOM_P,LV,3,0.390959
2169,37,TOM_P,LV,4,0.412905
2170,37,TOM_P,LV,5,0.425426
2171,37,CEL_P,LA,1,0.141299
2172,37,CEL_P,LA,2,0.168113
2173,37,CEL_P,LA,3,0.156028
2174,37,CEL_P,LA,4,0.147262
2175,37,CEL_P,LA,5,0.151921
2176,37,CEL_P,LV,1,0.132947
2177,37,CEL_P,LV,2,0.16678
2178,37,CEL_P,LV,3,0.153474
2179,37,CEL_P,LV,4,0.165327
2180,37,CEL_P,LV,5,0.163276
2181,37,CUX_P,LA,1,0.282598
2182,37,CUX_P,LA,2,0.299323
2183,37,CUX_P,LA,3,0.173215
2184,37,CUX_P,LA,4,0.220893
2185,37,CUX_P,LA,5,0.255672
2186,37,CUX_P,LV,1,0.192535
2187,37,CUX_P,LV,2,0.193
2188,37,CUX_P,LV,3,0.132114
2189,37,CUX_P,LV,4,0.165859
2190,37,CUX_P,LV,5,0.169767
2191,37,PEP_P,LA,1,0.511336
2192,37,PEP_P,LA,2,0.662862
2193,37,PEP_P,LA,3,0.491448
2194,37,PEP_P,LA,4,0.695895
2195,37,PEP_P,LA,5,0.522608
2196,37,PEP_P,LV,1,0.368347
2197,37,PEP_P,LV,2,0.466324
2198,37,PEP_P,LV,3,0.399302
2199,37,PEP_P,LV,4,0.524161
2200,37,PEP_P,LV,5,0.390899
2201,37,CAUL_P,LA,1,0.560486
2202,37,CAUL_P,LA,2,0.611766
2203,37,CAUL_P,LA,3,0.589916
2204,37,CAUL_P,LA,4,0.626693
2205,37,CAUL_P,LA,5,0.62689
2206,37,CAUL_P,LV,1,0.538921
2207,37,CAUL_P,LV,2,0.55923
2208,37,CAUL_P,LV,3,0.601863
2209,37,CAUL_P,LV,4,0.611859
2210,37,CAUL_P,LV,5,0.637078
2211,37,LET_P,LA,1,0.574339
2212,37,LET_P,LA,2,0.565843
2213,37,LET_P,LA,3,0.612296
2214,37,LET_P,LA,4,1.22847
2215,37,LET_P,LA,5,0.826302
2216,37,LET_P,LV,1,0.486146
2217,37,LET_P,LV,2,0.478308
2218,37,LET_P,LV,3,0.525717
2219,37,LET_P,LV,4,0.951785
2220,37,LET_P,LV,5,0.668125
2221,38,TOM_P,LA,1,0.515326
2222,38,TOM_P,LA,2,0.328025
2223,38,TOM_P,LA,3,0.412034
2224,38,TOM_P,LA,4,0.485499
2225,38,TOM_P,LA,5,0.488183
2226,38,TOM_P,LV,1,0.494579
2227,38,TOM_P,LV,2,0.341341
2228,38,TOM_P,LV,3,0.361276
2229,38,TOM_P,LV,4,0.49236
2230,38,TOM_P,LV,5,0.461406
2231,38,CEL_P,LA,1,0.141299
2232,38,CEL_P,LA,2,0.168113
2233,38,CEL_P,LA,3,0.157102
2234,38,CEL_P,LA,4,0.161213
2235,38,CEL_P,LA,5,0.151633
2236,38,CEL_P,LV,1,0.130583
2237,38,CEL_P,LV,2,0.16663
2238,38,CEL_P,LV,3,0.148685
2239,38,CEL_P,LV,4,0.179348
2240,38,CEL_P,LV,5,0.158944
2241,38,CUX_P,LA,1,0.209455
2242,38,CUX_P,LA,2,0.258319
2243,38,CUX_P,LA,3,0.173215
2244,38,CUX_P,LA,4,0.220893
2245,38,CUX_P,LA,5,0.255186
2246,38,CUX_P,LV,1,0.16529
2247,38,CUX_P,LV,2,0.191662
2248,38,CUX_P,LV,3,0.132613
2249,38,CUX_P,LV,4,0.162659
2250,38,CUX_P,LV,5,0.172146
2251,38,PEP_P,LA,1,0.504243
2252,38,PEP_P,LA,2,0.610464
2253,38,PEP_P,LA,3,0.452524
2254,38,PEP_P,LA,4,0.663564
2255,38,PEP_P,LA,5,0.527632
2256,38,PEP_P,LV,1,0.373949
2257,38,PEP_P,LV,2,0.452751
2258,38,PEP_P,LV,3,0.386825
2259,38,PEP_P,LV,4,0.552646
2260,38,PEP_P,LV,5,0.410088
2261,38,CAUL_P,LA,1,0.610633
2262,38,CAUL_P,LA,2,0.584294
2263,38,CAUL_P,LA,3,0.595722
2264,38,CAUL_P,LA,4,0.618138
2265,38,CAUL_P,LA,5,0.655322
2266,38,CAUL_P,LV,1,0.579142
2267,38,CAUL_P,LV,2,0.540857
2268,38,CAUL_P,LV,3,0.589346
2269,38,CAUL_P,LV,4,0.60766
2270,38,CAUL_P,LV,5,0.64933
2271,38,LET_P,LA,1,0.594287
2272,38,LET_P,LA,2,0.565843
2273,38,LET_P,LA,3,0.60585
2274,38,LET_P,LA,4,1.40286
2275,38,LET_P,LA,5,0.824733
2276,38,LET_P,LV,1,0.504682
2277,38,LET_P,LV,2,0.454947
2278,38,LET_P,LV,3,0.546781
2279,38,LET_P,LV,4,1.10157
2280,38,LET_P,LV,5,0.686119
2281,39,TOM_P,LA,1,0.502116
2282,39,TOM_P,LA,2,0.32807
2283,39,TOM_P,LA,3,0.411159
2284,39,TOM_P,LA,4,0.587193
2285,39,TOM_P,LA,5,0.519701
2286,39,TOM_P,LV,1,0.382862
2287,39,TOM_P,LV,2,0.322038
2288,39,TOM_P,LV,3,0.355748
2289,39,TOM_P,LV,4,0.577353
2290,39,TOM_P,LV,5,0.499938
2291,39,CEL_P,LA,1,0.14109
2292,39,CEL_P,LA,2,0.168136
2293,39,CEL_P,LA,3,0.156769
2294,39,CEL_P,LA,4,0.166474
2295,39,CEL_P,LA,5,0.157085
2296,39,CEL_P,LV,1,0.134116
2297,39,CEL_P,LV,2,0.163386
2298,39,CEL_P,LV,3,0.14971
2299,39,CEL_P,LV,4,0.185313
2300,39,CEL_P,LV,5,0.164282
2301,39,CUX_P,LA,1,0.161839
2302,39,CUX_P,LA,2,0.23621
2303,39,CUX_P,LA,3,0.172847
2304,39,CUX_P,LA,4,0.216036
2305,39,CUX_P,LA,5,0.200393
2306,39,CUX_P,LV,1,0.144602
2307,39,CUX_P,LV,2,0.174455
2308,39,CUX_P,LV,3,0.131502
2309,39,CUX_P,LV,4,0.16226
2310,39,CUX_P,LV,5,0.149552
2311,39,PEP_P,LA,1,0.480261
2312,39,PEP_P,LA,2,0.515343
2313,39,PEP_P,LA,3,0.408858
2314,39,PEP_P,LA,4,0.66479
2315,39,PEP_P,LA,5,0.523616
2316,39,PEP_P,LV,1,0.361719
2317,39,PEP_P,LV,2,0.386335
2318,39,PEP_P,LV,3,0.323551
2319,39,PEP_P,LV,4,0.567296
2320,39,PEP_P,LV,5,0.425859
2321,39,CAUL_P,LA,1,0.679447
2322,39,CAUL_P,LA,2,0.569338
2323,39,CAUL_P,LA,3,0.607313
2324,39,CAUL_P,LA,4,0.612212
2325,39,CAUL_P,LA,5,0.664307
2326,39,CAUL_P,LV,1,0.630959
2327,39,CAUL_P,LV,2,0.553884
2328,39,CAUL_P,LV,3,0.588792
2329,39,CAUL_P,LV,4,0.613353
2330,39,CAUL_P,LV,5,0.657
2331,39,LET_P,LA,1,0.704622
2332,39,LET_P,LA,2,0.629894
2333,39,LET_P,LA,3,0.630276
2334,39,LET_P,LA,4,1.41691
2335,39,LET_P,LA,5,0.884519
2336,39,LET_P,LV,1,0.612389
2337,39,LET_P,LV,2,0.514652
2338,39,LET_P,LV,3,0.567971
2339,39,LET_P,LV,4,1.10719
2340,39,LET_P,LV,5,0.753067
2341,40,TOM_P,LA,1,0.46714
2342,40,TOM_P,LA,2,0.32807
2343,40,TOM_P,LA,3,0.416366
2344,40,TOM_P,LA,4,0.680374
2345,40,TOM_P,LA,5,0.563988
2346,40,TOM_P,LV,1,0.350575
2347,40,TOM_P,LV,2,0.32432
2348,40,TOM_P,LV,3,0.372747
2349,40,TOM_P,LV,4,0.647047
2350,40,TOM_P,LV,5,0.577056
2351,40,CEL_P,LA,1,0.148871
2352,40,CEL_P,LA,2,0.168136
2353,40,CEL_P,LA,3,0.159364
2354,40,CEL_P,LA,4,0.166614
2355,40,CEL_P,LA,5,0.1725
2356,40,CEL_P,LV,1,0.137088
2357,40,CEL_P,LV,2,0.163848
2358,40,CEL_P,LV,3,0.148936
2359,40,CEL_P,LV,4,0.169604
2360,40,CEL_P,LV,5,0.178502
2361,40,CUX_P,LA,1,0.14939
2362,40,CUX_P,LA,2,0.221447
2363,40,CUX_P,LA,3,0.184808
2364,40,CUX_P,LA,4,0.197154
2365,40,CUX_P,LA,5,0.150478
2366,40,CUX_P,LV,1,0.13282
2367,40,CUX_P,LV,2,0.167256
2368,40,CUX_P,LV,3,0.133716
2369,40,CUX_P,LV,4,0.15467
2370,40,CUX_P,LV,5,0.132693
2371,40,PEP_P,LA,1,0.459512
2372,40,PEP_P,LA,2,0.58745
2373,40,PEP_P,LA,3,0.366938
2374,40,PEP_P,LA,4,0.663806
2375,40,PEP_P,LA,5,0.541626
2376,40,PEP_P,LV,1,0.353095
2377,40,PEP_P,LV,2,0.426399
2378,40,PEP_P,LV,3,0.309822
2379,40,PEP_P,LV,4,0.553127
2380,40,PEP_P,LV,5,0.43299
2381,40,CAUL_P,LA,1,0.575082
2382,40,CAUL_P,LA,2,0.569338
2383,40,CAUL_P,LA,3,0.729476
2384,40,CAUL_P,LA,4,0.611305
2385,40,CAUL_P,LA,5,0.659719
2386,40,CAUL_P,LV,1,0.560071
2387,40,CAUL_P,LV,2,0.544693
2388,40,CAUL_P,LV,3,0.671127
2389,40,CAUL_P,LV,4,0.616053
2390,40,CAUL_P,LV,5,0.651901
2391,40,LET_P,LA,1,0.840615
2392,40,LET_P,LA,2,0.672543
2393,40,LET_P,LA,3,0.805925
2394,40,LET_P,LA,4,1.53084
2395,40,LET_P,LA,5,0.833136
2396,40,LET_P,LV,1,0.690049
2397,40,LET_P,LV,2,0.564272
2398,40,LET_P,LV,3,0.690206
2399,40,LET_P,LV,4,1.25517
2400,40,LET_P,LV,5,0.705664
2401,41,TOM_P,LA,1,0.409439
2402,41,TOM_P,LA,2,0.450768
2403,41,TOM_P,LA,3,0.453182
2404,41,TOM_P,LA,4,0.726763
2405,41,TOM_P,LA,5,0.661615
2406,41,TOM_P,LV,1,0.344861
2407,41,TOM_P,LV,2,0.432441
2408,41,TOM_P,LV,3,0.466388
2409,41,TOM_P,LV,4,0.706417
2410,41,TOM_P,LV,5,0.697029
2411,41,CEL_P,LA,1,0.159764
2412,41,CEL_P,LA,2,0.168136
2413,41,CEL_P,LA,3,0.156685
2414,41,CEL_P,LA,4,0.148348
2415,41,CEL_P,LA,5,0.179106
2416,41,CEL_P,LV,1,0.15752
2417,41,CEL_P,LV,2,0.159194
2418,41,CEL_P,LV,3,0.158753
2419,41,CEL_P,LV,4,0.167723
2420,41,CEL_P,LV,5,0.187413
2421,41,CUX_P,LA,1,0.14441
2422,41,CUX_P,LA,2,0.225548
2423,41,CUX_P,LA,3,0.195522
2424,41,CUX_P,LA,4,0.164295
2425,41,CUX_P,LA,5,0.14901
2426,41,CUX_P,LV,1,0.103436
2427,41,CUX_P,LV,2,0.178022
2428,41,CUX_P,LV,3,0.153715
2429,41,CUX_P,LV,4,0.13783
2430,41,CUX_P,LV,5,0.134359
2431,41,PEP_P,LA,1,0.452928
2432,41,PEP_P,LA,2,0.67432
2433,41,PEP_P,LA,3,0.407895
2434,41,PEP_P,LA,4,0.616589
2435,41,PEP_P,LA,5,0.593472
2436,41,PEP_P,LV,1,0.331845
2437,41,PEP_P,LV,2,0.469316
2438,41,PEP_P,LV,3,0.329838
2439,41,PEP_P,LV,4,0.507835
2440,41,PEP_P,LV,5,0.451161
2441,41,CAUL_P,LA,1,0.606136
2442,41,CAUL_P,LA,2,0.569338
2443,41,CAUL_P,LA,3,0.83422
2444,41,CAUL_P,LA,4,0.656937
2445,41,CAUL_P,LA,5,0.642286
2446,41,CAUL_P,LV,1,0.581556
2447,41,CAUL_P,LV,2,0.569659
2448,41,CAUL_P,LV,3,0.773728
2449,41,CAUL_P,LV,4,0.640405
2450,41,CAUL_P,LV,5,0.634896
2451,41,LET_P,LA,1,0.979334
2452,41,LET_P,LA,2,0.758662
2453,41,LET_P,LA,3,1.06064
2454,41,LET_P,LA,4,1.54371
2455,41,LET_P,LA,5,0.90287
2456,41,LET_P,LV,1,0.711137
2457,41,LET_P,LV,2,0.583132
2458,41,LET_P,LV,3,0.86393
2459,41,LET_P,LV,4,1.3156
2460,41,LET_P,LV,5,0.770743
2461,42,TOM_P,LA,1,0.389637
2462,42,TOM_P,LA,2,0.498666
2463,42,TOM_P,LA,3,0.467324
2464,42,TOM_P,LA,4,0.726763
2465,42,TOM_P,LA,5,0.740714
2466,42,TOM_P,LV,1,0.296744
2467,42,TOM_P,LV,2,0.487042
2468,42,TOM_P,LV,3,0.473646
2469,42,TOM_P,LV,4,0.703998
2470,42,TOM_P,LV,5,0.695465
2471,42,CEL_P,LA,1,0.179683
2472,42,CEL_P,LA,2,0.170596
2473,42,CEL_P,LA,3,0.162846
2474,42,CEL_P,LA,4,0.146899
2475,42,CEL_P,LA,5,0.184978
2476,42,CEL_P,LV,1,0.168012
2477,42,CEL_P,LV,2,0.165355
2478,42,CEL_P,LV,3,0.166653
2479,42,CEL_P,LV,4,0.158819
2480,42,CEL_P,LV,5,0.197452
2481,42,CUX_P,LA,1,0.14773
2482,42,CUX_P,LA,2,0.225548
2483,42,CUX_P,LA,3,0.196593
2484,42,CUX_P,LA,4,0.158496
2485,42,CUX_P,LA,5,0.129191
2486,42,CUX_P,LV,1,0.10475
2487,42,CUX_P,LV,2,0.179038
2488,42,CUX_P,LV,3,0.150822
2489,42,CUX_P,LV,4,0.13298
2490,42,CUX_P,LV,5,0.125401
2491,42,PEP_P,LA,1,0.490552
2492,42,PEP_P,LA,2,0.684162
2493,42,PEP_P,LA,3,0.44845
2494,42,PEP_P,LA,4,0.609931
2495,42,PEP_P,LA,5,0.701507
2496,42,PEP_P,LV,1,0.342245
2497,42,PEP_P,LV,2,0.486713
2498,42,PEP_P,LV,3,0.347954
2499,42,PEP_P,LV,4,0.498705
2500,42,PEP_P,LV,5,0.495789
2501,42,CAUL_P,LA,1,0.643206
2502,42,CAUL_P,LA,2,0.569338
2503,42,CAUL_P,LA,3,0.867795
2504,42,CAUL_P,LA,4,0.629722
2505,42,CAUL_P,LA,5,0.653555
2506,42,CAUL_P,LV,1,0.599722
2507,42,CAUL_P,LV,2,0.55876
2508,42,CAUL_P,LV,3,0.802208
2509,42,CAUL_P,LV,4,0.619219
2510,42,CAUL_P,LV,5,0.668227
2511,42,LET_P,LA,1,0.959415
2512,42,LET_P,LA,2,0.758662
2513,42,LET_P,LA,3,1.10403
2514,42,LET_P,LA,4,1.85556
2515,42,LET_P,LA,5,1.17153
2516,42,LET_P,LV,1,0.754048
2517,42,LET_P,LV,2,0.608529
2518,42,LET_P,LV,3,0.960616
2519,42,LET_P,LV,4,1.496
2520,42,LET_P,LV,5,0.992994
2521,43,TOM_P,LA,1,0.481288
2522,43,TOM_P,LA,2,0.53583
2523,43,TOM_P,LA,3,0.560754
2524,43,TOM_P,LA,4,0.61481
2525,43,TOM_P,LA,5,0.74823
2526,43,TOM_P,LV,1,0.363787
2527,43,TOM_P,LV,2,0.484398
2528,43,TOM_P,LV,3,0.547615
2529,43,TOM_P,LV,4,0.604768
2530,43,TOM_P,LV,5,0.655679
2531,43,CEL_P,LA,1,0.234713
2532,43,CEL_P,LA,2,0.185558
2533,43,CEL_P,LA,3,0.184564
2534,43,CEL_P,LA,4,0.13994
2535,43,CEL_P,LA,5,0.206786
2536,43,CEL_P,LV,1,0.212921
2537,43,CEL_P,LV,2,0.176745
2538,43,CEL_P,LV,3,0.19849
2539,43,CEL_P,LV,4,0.152659
2540,43,CEL_P,LV,5,0.204882
2541,43,CUX_P,LA,1,0.153721
2542,43,CUX_P,LA,2,0.22308
2543,43,CUX_P,LA,3,0.176097
2544,43,CUX_P,LA,4,0.153084
2545,43,CUX_P,LA,5,0.106681
2546,43,CUX_P,LV,1,0.107177
2547,43,CUX_P,LV,2,0.156048
2548,43,CUX_P,LV,3,0.138928
2549,43,CUX_P,LV,4,0.116792
2550,43,CUX_P,LV,5,0.11615
2551,43,PEP_P,LA,1,0.675678
2552,43,PEP_P,LA,2,0.704879
2553,43,PEP_P,LA,3,0.486099
2554,43,PEP_P,LA,4,0.572844
2555,43,PEP_P,LA,5,0.723644
2556,43,PEP_P,LV,1,0.478799
2557,43,PEP_P,LV,2,0.527637
2558,43,PEP_P,LV,3,0.359084
2559,43,PEP_P,LV,4,0.521232
2560,43,PEP_P,LV,5,0.542945
2561,43,CAUL_P,LA,1,0.748134
2562,43,CAUL_P,LA,2,0.61567
2563,43,CAUL_P,LA,3,0.773537
2564,43,CAUL_P,LA,4,0.631002
2565,43,CAUL_P,LA,5,0.657443
2566,43,CAUL_P,LV,1,0.720877
2567,43,CAUL_P,LV,2,0.581775
2568,43,CAUL_P,LV,3,0.796176
2569,43,CAUL_P,LV,4,0.621181
2570,43,CAUL_P,LV,5,0.67875
2571,43,LET_P,LA,1,0.925644
2572,43,LET_P,LA,2,0.789802
2573,43,LET_P,LA,3,1.10095
2574,43,LET_P,LA,4,1.63599
2575,43,LET_P,LA,5,1.23341
2576,43,LET_P,LV,1,0.675243
2577,43,LET_P,LV,2,0.706853
2578,43,LET_P,LV,3,0.874157
2579,43,LET_P,LV,4,1.31
2580,43,LET_P,LV,5,1.06395
2581,44,TOM_P,LA,1,0.658391
2582,44,TOM_P,LA,2,0.525962
2583,44,TOM_P,LA,3,0.555926
2584,44,TOM_P,LA,4,0.601658
2585,44,TOM_P,LA,5,0.573594
2586,44,TOM_P,LV,1,0.555944
2587,44,TOM_P,LV,2,0.465579
2588,44,TOM_P,LV,3,0.535723
2589,44,TOM_P,LV,4,0.555765
2590,44,TOM_P,LV,5,0.493557
2591,44,CEL_P,LA,1,0.26056
2592,44,CEL_P,LA,2,0.238694
2593,44,CEL_P,LA,3,0.233703
2594,44,CEL_P,LA,4,0.180265
2595,44,CEL_P,LA,5,0.208248
2596,44,CEL_P,LV,1,0.229553
2597,44,CEL_P,LV,2,0.231074
2598,44,CEL_P,LV,3,0.231226
2599,44,CEL_P,LV,4,0.185859
2600,44,CEL_P,LV,5,0.219017
2601,44,CUX_P,LA,1,0.170851
2602,44,CUX_P,LA,2,0.200106
2603,44,CUX_P,LA,3,0.158554
2604,44,CUX_P,LA,4,0.131807
2605,44,CUX_P,LA,5,0.10321
2606,44,CUX_P,LV,1,0.136312
2607,44,CUX_P,LV,2,0.140177
2608,44,CUX_P,LV,3,0.129168
2609,44,CUX_P,LV,4,0.116209
2610,44,CUX_P,LV,5,0.109496
2611,44,PEP_P,LA,1,0.617675
2612,44,PEP_P,LA,2,0.74908
2613,44,PEP_P,LA,3,0.500542
2614,44,PEP_P,LA,4,0.567447
2615,44,PEP_P,LA,5,0.721345
2616,44,PEP_P,LV,1,0.490188
2617,44,PEP_P,LV,2,0.557657
2618,44,PEP_P,LV,3,0.378822
2619,44,PEP_P,LV,4,0.508417
2620,44,PEP_P,LV,5,0.521951
2621,44,CAUL_P,LA,1,0.806232
2622,44,CAUL_P,LA,2,0.642144
2623,44,CAUL_P,LA,3,0.764367
2624,44,CAUL_P,LA,4,0.616439
2625,44,CAUL_P,LA,5,0.644837
2626,44,CAUL_P,LV,1,0.795714
2627,44,CAUL_P,LV,2,0.581642
2628,44,CAUL_P,LV,3,0.779547
2629,44,CAUL_P,LV,4,0.616889
2630,44,CAUL_P,LV,5,0.6484
2631,44,LET_P,LA,1,0.690207
2632,44,LET_P,LA,2,1.10878
2633,44,LET_P,LA,3,1.08865
2634,44,LET_P,LA,4,1.65921
2635,44,LET_P,LA,5,1.28602
2636,44,LET_P,LV,1,0.527342
2637,44,LET_P,LV,2,0.882568
2638,44,LET_P,LV,3,0.976648
2639,44,LET_P,LV,4,1.32161
2640,44,LET_P,LV,5,1.13818
2641,45,TOM_P,LA,1,0.828264
2642,45,TOM_P,LA,2,0.551112
2643,45,TOM_P,LA,3,0.546737
2644,45,TOM_P,LA,4,0.730591
2645,45,TOM_P,LA,5,0.584554
2646,45,TOM_P,LV,1,0.675389
2647,45,TOM_P,LV,2,0.515321
2648,45,TOM_P,LV,3,0.491995
2649,45,TOM_P,LV,4,0.609376
2650,45,TOM_P,LV,5,0.490735
2651,45,CEL_P,LA,1,0.250581
2652,45,CEL_P,LA,2,0.302073
2653,45,CEL_P,LA,3,0.272699
2654,45,CEL_P,LA,4,0.196741
2655,45,CEL_P,LA,5,0.219208
2656,45,CEL_P,LV,1,0.245558
2657,45,CEL_P,LV,2,0.269429
2658,45,CEL_P,LV,3,0.281694
2659,45,CEL_P,LV,4,0.21158
2660,45,CEL_P,LV,5,0.222629
2661,45,CUX_P,LA,1,0.174631
2662,45,CUX_P,LA,2,0.172222
2663,45,CUX_P,LA,3,0.155981
2664,45,CUX_P,LA,4,0.131807
2665,45,CUX_P,LA,5,0.105951
2666,45,CUX_P,LV,1,0.127509
2667,45,CUX_P,LV,2,0.129136
2668,45,CUX_P,LV,3,0.12815
2669,45,CUX_P,LV,4,0.111407
2670,45,CUX_P,LV,5,0.112628
2671,45,PEP_P,LA,1,0.654283
2672,45,PEP_P,LA,2,0.881197
2673,45,PEP_P,LA,3,0.546905
2674,45,PEP_P,LA,4,0.574231
2675,45,PEP_P,LA,5,0.716079
2676,45,PEP_P,LV,1,0.521583
2677,45,PEP_P,LV,2,0.716246
2678,45,PEP_P,LV,3,0.439424
2679,45,PEP_P,LV,4,0.448875
2680,45,PEP_P,LV,5,0.515145
2681,45,CAUL_P,LA,1,0.703651
2682,45,CAUL_P,LA,2,0.766559
2683,45,CAUL_P,LA,3,0.804402
2684,45,CAUL_P,LA,4,0.679143
2685,45,CAUL_P,LA,5,0.64027
2686,45,CAUL_P,LV,1,0.674164
2687,45,CAUL_P,LV,2,0.632284
2688,45,CAUL_P,LV,3,0.824497
2689,45,CAUL_P,LV,4,0.646456
2690,45,CAUL_P,LV,5,0.654797
2691,45,LET_P,LA,1,0.571939
2692,45,LET_P,LA,2,1.23016
2693,45,LET_P,LA,3,1.18755
2694,45,LET_P,LA,4,1.65921
2695,45,LET_P,LA,5,1.35324
2696,45,LET_P,LV,1,0.477082
2697,45,LET_P,LV,2,1.07622
2698,45,LET_P,LV,3,1.0868
2699,45,LET_P,LV,4,1.41453
2700,45,LET_P,LV,5,1.2016
2701,46,TOM_P,LA,1,0.766521
2702,46,TOM_P,LA,2,0.791403
2703,46,TOM_P,LA,3,0.521008
2704,46,TOM_P,LA,4,0.858547
2705,46,TOM_P,LA,5,0.597541
2706,46,TOM_P,LV,1,0.693743
2707,46,TOM_P,LV,2,0.611309
2708,46,TOM_P,LV,3,0.481297
2709,46,TOM_P,LV,4,0.696093
2710,46,TOM_P,LV,5,0.521071
2711,46,CEL_P,LA,1,0.215101
2712,46,CEL_P,LA,2,0.321664
2713,46,CEL_P,LA,3,0.261308
2714,46,CEL_P,LA,4,0.211666
2715,46,CEL_P,LA,5,0.200027
2716,46,CEL_P,LV,1,0.225072
2717,46,CEL_P,LV,2,0.274365
2718,46,CEL_P,LV,3,0.272758
2719,46,CEL_P,LV,4,0.218358
2720,46,CEL_P,LV,5,0.221375
2721,46,CUX_P,LA,1,0.174631
2722,46,CUX_P,LA,2,0.172222
2723,46,CUX_P,LA,3,0.165629
2724,46,CUX_P,LA,4,0.131807
2725,46,CUX_P,LA,5,0.105951
2726,46,CUX_P,LV,1,0.130942
2727,46,CUX_P,LV,2,0.129136
2728,46,CUX_P,LV,3,0.13197
2729,46,CUX_P,LV,4,0.123678
2730,46,CUX_P,LV,5,0.111335
2731,46,PEP_P,LA,1,0.789996
2732,46,PEP_P,LA,2,0.876929
2733,46,PEP_P,LA,3,0.583775
2734,46,PEP_P,LA,4,0.582918
2735,46,PEP_P,LA,5,0.716079
2736,46,PEP_P,LV,1,0.654899
2737,46,PEP_P,LV,2,0.764225
2738,46,PEP_P,LV,3,0.453643
2739,46,PEP_P,LV,4,0.452915
2740,46,PEP_P,LV,5,0.504531
2741,46,CAUL_P,LA,1,0.601159
2742,46,CAUL_P,LA,2,0.827065
2743,46,CAUL_P,LA,3,0.731763
2744,46,CAUL_P,LA,4,0.739051
2745,46,CAUL_P,LA,5,0.64027
2746,46,CAUL_P,LV,1,0.557922
2747,46,CAUL_P,LV,2,0.724852
2748,46,CAUL_P,LV,3,0.796694
2749,46,CAUL_P,LV,4,0.683149
2750,46,CAUL_P,LV,5,0.637227
2751,46,LET_P,LA,1,0.557155
2752,46,LET_P,LA,2,1.36958
2753,46,LET_P,LA,3,1.16691
2754,46,LET_P,LA,4,1.65921
2755,46,LET_P,LA,5,1.22652
2756,46,LET_P,LV,1,0.460928
2757,46,LET_P,LV,2,1.05016
2758,46,LET_P,LV,3,0.922491
2759,46,LET_P,LV,4,1.34335
2760,46,LET_P,LV,5,1.16251
2761,47,TOM_P,LA,1,0.927226
2762,47,TOM_P,LA,2,1.14815
2763,47,TOM_P,LA,3,0.578898
2764,47,TOM_P,LA,4,0.930399
2765,47,TOM_P,LA,5,0.587036
2766,47,TOM_P,LV,1,0.753535
2767,47,TOM_P,LV,2,0.860909
2768,47,TOM_P,LV,3,0.396292
2769,47,TOM_P,LV,4,0.686355
2770,47,TOM_P,LV,5,0.506716
2771,47,CEL_P,LA,1,0.192872
2772,47,CEL_P,LA,2,0.286491
2773,47,CEL_P,LA,3,0.262983
2774,47,CEL_P,LA,4,0.213216
2775,47,CEL_P,LA,5,0.171573
2776,47,CEL_P,LV,1,0.197276
2777,47,CEL_P,LV,2,0.259479
2778,47,CEL_P,LV,3,0.267469
2779,47,CEL_P,LV,4,0.216917
2780,47,CEL_P,LV,5,0.200875
2781,47,CUX_P,LA,1,0.152969
2782,47,CUX_P,LA,2,0.161561
2783,47,CUX_P,LA,3,0.184351
2784,47,CUX_P,LA,4,0.131807
2785,47,CUX_P,LA,5,0.0968924
2786,47,CUX_P,LV,1,0.115483
2787,47,CUX_P,LV,2,0.118143
2788,47,CUX_P,LV,3,0.139383
2789,47,CUX_P,LV,4,0.133814
2790,47,CUX_P,LV,5,0.106937
2791,47,PEP_P,LA,1,0.765186
2792,47,PEP_P,LA,2,0.8671
2793,47,PEP_P,LA,3,0.523412
2794,47,PEP_P,LA,4,0.611651
2795,47,PEP_P,LA,5,0.69361
2796,47,PEP_P,LV,1,0.644943
2797,47,PEP_P,LV,2,0.719242
2798,47,PEP_P,LV,3,0.424432
2799,47,PEP_P,LV,4,0.474182
2800,47,PEP_P,LV,5,0.49018
2801,47,CAUL_P,LA,1,0.601885
2802,47,CAUL_P,LA,2,0.805478
2803,47,CAUL_P,LA,3,0.655492
2804,47,CAUL_P,LA,4,0.722931
2805,47,CAUL_P,LA,5,0.638317
2806,47,CAUL_P,LV,1,0.53875
2807,47,CAUL_P,LV,2,0.777804
2808,47,CAUL_P,LV,3,0.704904
2809,47,CAUL_P,LV,4,0.719447
2810,47,CAUL_P,LV,5,0.6352
2811,47,LET_P,LA,1,0.556992
2812,47,LET_P,LA,2,1.24656
2813,47,LET_P,LA,3,0.976891
2814,47,LET_P,LA,4,1.62238
2815,47,LET_P,LA,5,1.09511
2816,47,LET_P,LV,1,0.460794
2817,47,LET_P,LV,2,1.00145
2818,47,LET_P,LV,3,0.724275
2819,47,LET_P,LV,4,1.24497
2820,47,LET_P,LV,5,1.00646
2821,48,TOM_P,LA,1,1.22332
2822,48,TOM_P,LA,2,1.13133
2823,48,TOM_P,LA,3,0.73869
2824,48,TOM_P,LA,4,0.762657
2825,48,TOM_P,LA,5,0.581582
2826,48,TOM_P,LV,1,1.01917
2827,48,TOM_P,LV,2,0.856302
2828,48,TOM_P,LV,3,0.529829
2829,48,TOM_P,LV,4,0.555414
2830,48,TOM_P,LV,5,0.463291
2831,48,CEL_P,LA,1,0.182679
2832,48,CEL_P,LA,2,0.308425
2833,48,CEL_P,LA,3,0.212507
2834,48,CEL_P,LA,4,0.151541
2835,48,CEL_P,LA,5,0.151211
2836,48,CEL_P,LV,1,0.179748
2837,48,CEL_P,LV,2,0.268926
2838,48,CEL_P,LV,3,0.217291
2839,48,CEL_P,LV,4,0.191386
2840,48,CEL_P,LV,5,0.196885
2841,48,CUX_P,LA,1,0.122775
2842,48,CUX_P,LA,2,0.161852
2843,48,CUX_P,LA,3,0.199446
2844,48,CUX_P,LA,4,0.145341
2845,48,CUX_P,LA,5,0.0945072
2846,48,CUX_P,LV,1,0.0897505
2847,48,CUX_P,LV,2,0.118082
2848,48,CUX_P,LV,3,0.146594
2849,48,CUX_P,LV,4,0.131603
2850,48,CUX_P,LV,5,0.107577
2851,48,PEP_P,LA,1,0.683149
2852,48,PEP_P,LA,2,0.866156
2853,48,PEP_P,LA,3,0.498209
2854,48,PEP_P,LA,4,0.623829
2855,48,PEP_P,LA,5,0.647011
2856,48,PEP_P,LV,1,0.604438
2857,48,PEP_P,LV,2,0.684106
2858,48,PEP_P,LV,3,0.410708
2859,48,PEP_P,LV,4,0.467387
2860,48,PEP_P,LV,5,0.449813
2861,48,CAUL_P,LA,1,0.593846
2862,48,CAUL_P,LA,2,0.81126
2863,48,CAUL_P,LA,3,0.502849
2864,48,CAUL_P,LA,4,0.681349
2865,48,CAUL_P,LA,5,0.637015
2866,48,CAUL_P,LV,1,0.557714
2867,48,CAUL_P,LV,2,0.800538
2868,48,CAUL_P,LV,3,0.712819
2869,48,CAUL_P,LV,4,0.676502
2870,48,CAUL_P,LV,5,0.630509
2871,48,LET_P,LA,1,0.556341
2872,48,LET_P,LA,2,1.34877
2873,48,LET_P,LA,3,0.865552
2874,48,LET_P,LA,4,1.36387
2875,48,LET_P,LA,5,0.813488
2876,48,LET_P,LV,1,0.460255
2877,48,LET_P,LV,2,1.04364
2878,48,LET_P,LV,3,0.764039
2879,48,LET_P,LV,4,1.04321
2880,48,LET_P,LV,5,0.741599
2881,49,TOM_P,LA,1,1.37679
2882,49,TOM_P,LA,2,0.980924
2883,49,TOM_P,LA,3,1.06789
2884,49,TOM_P,LA,4,0.679882
2885,49,TOM_P,LA,5,0.558319
2886,49,TOM_P,LV,1,1.10475
2887,49,TOM_P,LV,2,0.779875
2888,49,TOM_P,LV,3,0.790782
2889,49,TOM_P,LV,4,0.487159
2890,49,TOM_P,LV,5,0.448078
2891,49,CEL_P,LA,1,0.182679
2892,49,CEL_P,LA,2,0.40781
2893,49,CEL_P,LA,3,0.190561
2894,49,CEL_P,LA,4,0.167653
2895,49,CEL_P,LA,5,0.173021
2896,49,CEL_P,LV,1,0.183962
2897,49,CEL_P,LV,2,0.347931
2898,49,CEL_P,LV,3,0.209154
2899,49,CEL_P,LV,4,0.184401
2900,49,CEL_P,LV,5,0.202519
2901,49,CUX_P,LA,1,0.128706
2902,49,CUX_P,LA,2,0.196185
2903,49,CUX_P,LA,3,0.220001
2904,49,CUX_P,LA,4,0.154519
2905,49,CUX_P,LA,5,0.0945072
2906,49,CUX_P,LV,1,0.0955271
2907,49,CUX_P,LV,2,0.1418
2908,49,CUX_P,LV,3,0.197975
2909,49,CUX_P,LV,4,0.131355
2910,49,CUX_P,LV,5,0.0956466
2911,49,PEP_P,LA,1,0.63997
2912,49,PEP_P,LA,2,0.880052
2913,49,PEP_P,LA,3,0.487719
2914,49,PEP_P,LA,4,0.582621
2915,49,PEP_P,LA,5,0.635149
2916,49,PEP_P,LV,1,0.550124
2917,49,PEP_P,LV,2,0.701201
2918,49,PEP_P,LV,3,0.425524
2919,49,PEP_P,LV,4,0.453767
2920,49,PEP_P,LV,5,0.420997
2921,49,CAUL_P,LA,1,0.689752
2922,49,CAUL_P,LA,2,0.751181
2923,49,CAUL_P,LA,3,0.518735
2924,49,CAUL_P,LA,4,0.693982
2925,49,CAUL_P,LA,5,0.630472
2926,49,CAUL_P,LV,1,0.629467
2927,49,CAUL_P,LV,2,0.734133
2928,49,CAUL_P,LV,3,0.707178
2929,49,CAUL_P,LV,4,0.67438
2930,49,CAUL_P,LV,5,0.638956
2931,49,LET_P,LA,1,0.556341
2932,49,LET_P,LA,2,1.21798
2933,49,LET_P,LA,3,0.666828
2934,49,LET_P,LA,4,0.809678
2935,49,LET_P,LA,5,0.798222
2936,49,LET_P,LV,1,0.494537
2937,49,LET_P,LV,2,0.905797
2938,49,LET_P,LV,3,0.615411
2939,49,LET_P,LV,4,0.672413
2940,49,LET_P,LV,5,0.686423
2941,50,TOM_P,LA,1,1.41332
2942,50,TOM_P,LA,2,0.980924
2943,50,TOM_P,LA,3,1.40833
2944,50,TOM_P,LA,4,0.679882
2945,50,TOM_P,LA,5,0.511308
2946,50,TOM_P,LV,1,1.12182
2947,50,TOM_P,LV,2,0.757376
2948,50,TOM_P,LV,3,1.00403
2949,50,TOM_P,LV,4,0.547378
2950,50,TOM_P,LV,5,0.373529
2951,50,CEL_P,LA,1,0.164227
2952,50,CEL_P,LA,2,0.412805
2953,50,CEL_P,LA,3,0.193505
2954,50,CEL_P,LA,4,0.239504
2955,50,CEL_P,LA,5,0.196284
2956,50,CEL_P,LV,1,0.191297
2957,50,CEL_P,LV,2,0.363071
2958,50,CEL_P,LV,3,0.204795
2959,50,CEL_P,LV,4,0.223259
2960,50,CEL_P,LV,5,0.208625
2961,50,CUX_P,LA,1,0.128706
2962,50,CUX_P,LA,2,0.175749
2963,50,CUX_P,LA,3,0.209724
2964,50,CUX_P,LA,4,0.154519
2965,50,CUX_P,LA,5,0.0945072
2966,50,CUX_P,LV,1,0.0955271
2967,50,CUX_P,LV,2,0.130334
2968,50,CUX_P,LV,3,0.165912
2969,50,CUX_P,LV,4,0.115406
2970,50,CUX_P,LV,5,0.0974475
2971,50,PEP_P,LA,1,0.63215
2972,50,PEP_P,LA,2,0.878744
2973,50,PEP_P,LA,3,0.455487
2974,50,PEP_P,LA,4,0.582793
2975,50,PEP_P,LA,5,0.605592
2976,50,PEP_P,LV,1,0.509282
2977,50,PEP_P,LV,2,0.70131
2978,50,PEP_P,LV,3,0.408084
2979,50,PEP_P,LV,4,0.45672
2980,50,PEP_P,LV,5,0.398854
2981,50,CAUL_P,LA,1,0.792163
2982,50,CAUL_P,LA,2,0.647242
2983,50,CAUL_P,LA,3,0.57961
2984,50,CAUL_P,LA,4,0.73802
2985,50,CAUL_P,LA,5,0.62611
2986,50,CAUL_P,LV,1,0.70595
2987,50,CAUL_P,LV,2,0.646957
2988,50,CAUL_P,LV,3,0.603668
2989,50,CAUL_P,LV,4,0.725762
2990,50,CAUL_P,LV,5,0.630062
2991,50,LET_P,LA,1,0.556341
2992,50,LET_P,LA,2,0.70066
2993,50,LET_P,LA,3,0.537959
2994,50,LET_P,LA,4,0.672156
2995,50,LET_P,LA,5,0.770597
2996,50,LET_P,LV,1,0.439686
2997,50,LET_P,LV,2,0.550786
2998,50,LET_P,LV,3,0.473777
2999,50,LET_P,LV,4,0.568362
3000,50,LET_P,LV,5,0.641269
3001,51,TOM_P,LA,1,1.26891
3002,51,TOM_P,LA,2,0.871932
3003,51,TOM_P,LA,3,1.47203
3004,51,TOM_P,LA,4,0.803497
3005,51,TOM_P,LA,5,0.491114
3006,51,TOM_P,LV,1,0.992654
3007,51,TOM_P,LV,2,0.696222
3008,51,TOM_P,LV,3,1.04693
3009,51,TOM_P,LV,4,0.663906
3010,51,TOM_P,LV,5,0.353527
3011,51,CEL_P,LA,1,0.16192
3012,51,CEL_P,LA,2,0.350135
3013,51,CEL_P,LA,3,0.185118
3014,51,CEL_P,LA,4,0.224052
3015,51,CEL_P,LA,5,0.196284
3016,51,CEL_P,LV,1,0.180671
3017,51,CEL_P,LV,2,0.289828
3018,51,CEL_P,LV,3,0.219154
3019,51,CEL_P,LV,4,0.236447
3020,51,CEL_P,LV,5,0.201575
3021,51,CUX_P,LA,1,0.161543
3022,51,CUX_P,LA,2,0.171662
3023,51,CUX_P,LA,3,0.207154
3024,51,CUX_P,LA,4,0.154519
3025,51,CUX_P,LA,5,0.0945072
3026,51,CUX_P,LV,1,0.12567
3027,51,CUX_P,LV,2,0.121966
3028,51,CUX_P,LV,3,0.16158
3029,51,CUX_P,LV,4,0.126038
3030,51,CUX_P,LV,5,0.0944461
3031,51,PEP_P,LA,1,0.631074
3032,51,PEP_P,LA,2,0.878744
3033,51,PEP_P,LA,3,0.464166
3034,51,PEP_P,LA,4,0.585883
3035,51,PEP_P,LA,5,0.51692
3036,51,PEP_P,LV,1,0.498448
3037,51,PEP_P,LV,2,0.70145
3038,51,PEP_P,LV,3,0.397146
3039,51,PEP_P,LV,4,0.457384
3040,51,PEP_P,LV,5,0.361344
3041,51,CAUL_P,LA,1,0.78815
3042,51,CAUL_P,LA,2,0.612449
3043,51,CAUL_P,LA,3,0.576098
3044,51,CAUL_P,LA,4,0.740724
3045,51,CAUL_P,LA,5,0.62611
3046,51,CAUL_P,LV,1,0.723021
3047,51,CAUL_P,LV,2,0.644104
3048,51,CAUL_P,LV,3,0.576356
3049,51,CAUL_P,LV,4,0.727369
3050,51,CAUL_P,LV,5,0.639212
3051,51,LET_P,LA,1,0.556341
3052,51,LET_P,LA,2,0.559944
3053,51,LET_P,LA,3,0.547326
3054,51,LET_P,LA,4,0.625801
3055,51,LET_P,LA,5,0.770597
3056,51,LET_P,LV,1,0.445685
3057,51,LET_P,LV,2,0.468071
3058,51,LET_P,LV,3,0.475276
3059,51,LET_P,LV,4,0.519972
3060,51,LET_P,LV,5,0.621385
3061,52,TOM_P,LA,1,0.647954
3062,52,TOM_P,LA,2,0.777901
3063,52,TOM_P,LA,3,1.44526
3064,52,TOM_P,LA,4,0.818949
3065,52,TOM_P,LA,5,0
3066,52,TOM_P,LV,1,0.459905
3067,52,TOM_P,LV,2,0.661254
3068,52,TOM_P,LV,3,1.14302
3069,52,TOM_P,LV,4,0.759336
3070,52,TOM_P,LV,5,0
3071,52,CEL_P,LA,1,0.159099
3072,52,CEL_P,LA,2,0.28103
3073,52,CEL_P,LA,3,0.169105
3074,52,CEL_P,LA,4,0.242079
3075,52,CEL_P,LA,5,0
3076,52,CEL_P,LV,1,0.178111
3077,52,CEL_P,LV,2,0.275877
3078,52,CEL_P,LV,3,0.196674
3079,52,CEL_P,LV,4,0.242976
3080,52,CEL_P,LV,5,0
3081,52,CUX_P,LA,1,0.146039
3082,52,CUX_P,LA,2,0.171056
3083,52,CUX_P,LA,3,0.218671
3084,52,CUX_P,LA,4,0.152587
3085,52,CUX_P,LA,5,0
3086,52,CUX_P,LV,1,0.112742
3087,52,CUX_P,LV,2,0.130514
3088,52,CUX_P,LV,3,0.165952
3089,52,CUX_P,LV,4,0.123572
3090,52,CUX_P,LV,5,0
3091,52,PEP_P,LA,1,0.462873
3092,52,PEP_P,LA,2,0.875642
3093,52,PEP_P,LA,3,0.603675
3094,52,PEP_P,LA,4,0.623361
3095,52,PEP_P,LA,5,0
3096,52,PEP_P,LV,1,0.390107
3097,52,PEP_P,LV,2,0.711038
3098,52,PEP_P,LV,3,0.460869
3099,52,PEP_P,LV,4,0.483725
3100,52,PEP_P,LV,5,0
3101,52,CAUL_P,LA,1,0.741475
3102,52,CAUL_P,LA,2,0.602137
3103,52,CAUL_P,LA,3,0.636463
3104,52,CAUL_P,LA,4,0.725031
3105,52,CAUL_P,LA,5,0
3106,52,CAUL_P,LV,1,0.668046
3107,52,CAUL_P,LV,2,0.637461
3108,52,CAUL_P,LV,3,0.594087
3109,52,CAUL_P,LV,4,0.706368
3110,52,CAUL_P,LV,5,0
3111,52,LET_P,LA,1,0.545855
3112,52,LET_P,LA,2,0.557967
3113,52,LET_P,LA,3,0.559729
3114,52,LET_P,LA,4,0.579445
3115,52,LET_P,LA,5,0
3116,52,LET_P,LV,1,0.443139
3117,52,LET_P,LV,2,0.466516
3118,52,LET_P,LV,3,0.469654
3119,52,LET_P,LV,4,0.476631
3120,52,LET_P,LV,5,0
